t,plant,axis,Tsoil,volume,nitrates,Conc_Nitrates_Soil,mineralisation
0,1,MS,12,1,800000.00000000,NA,NA
1,1,MS,12,1,357143.00000000,357143.00000000,0.00393238
2,1,MS,12,1,357143.00000000,357143.00000000,0.00393238
3,1,MS,12,1,357143.00000000,357143.00000000,0.00393238
4,1,MS,12,1,357143.00000000,357143.00000000,0.00393238
5,1,MS,12,1,357143.00000000,357143.00000000,0.00393238
6,1,MS,12,1,357143.00000000,357143.00000000,0.00393238
7,1,MS,12,1,357143.00000000,357143.00000000,0.00393238
8,1,MS,12,1,357143.00000000,357143.00000000,0.00393238
9,1,MS,12,1,357143.00000000,357143.00000000,0.00393238
10,1,MS,12,1,357143.00000000,357143.00000000,0.00393238
11,1,MS,12,1,357143.00000000,357143.00000000,0.00393238
12,1,MS,12,1,357143.00000000,357143.00000000,0.00393238
13,1,MS,12,1,357143.00000000,357143.00000000,0.00393238
14,1,MS,12,1,357143.00000000,357143.00000000,0.00393238
15,1,MS,12,1,357143.00000000,357143.00000000,0.00393238
16,1,MS,12,1,357143.00000000,357143.00000000,0.00393238
17,1,MS,12,1,357143.00000000,357143.00000000,0.00393238
18,1,MS,12,1,357143.00000000,357143.00000000,0.00393238
19,1,MS,12,1,357143.00000000,357143.00000000,0.00393238
20,1,MS,12,1,357143.00000000,357143.00000000,0.00393238
21,1,MS,12,1,357143.00000000,357143.00000000,0.00393238
22,1,MS,12,1,357143.00000000,357143.00000000,0.00393238
23,1,MS,12,1,357143.00000000,357143.00000000,0.00393238
24,1,MS,12,1,357143.00000000,357143.00000000,0.00393238
25,1,MS,12,1,357143.00000000,357143.00000000,0.00393238
26,1,MS,12,1,357143.00000000,357143.00000000,0.00393238
27,1,MS,12,1,357143.00000000,357143.00000000,0.00393238
28,1,MS,12,1,357143.00000000,357143.00000000,0.00393238
29,1,MS,12,1,357143.00000000,357143.00000000,0.00393238
30,1,MS,12,1,357143.00000000,357143.00000000,0.00393238
31,1,MS,12,1,357143.00000000,357143.00000000,0.00393238
32,1,MS,12,1,357143.00000000,357143.00000000,0.00393238
33,1,MS,12,1,357143.00000000,357143.00000000,0.00393238
34,1,MS,12,1,357143.00000000,357143.00000000,0.00393238
35,1,MS,12,1,357143.00000000,357143.00000000,0.00393238
36,1,MS,12,1,357143.00000000,357143.00000000,0.00393238
37,1,MS,12,1,357143.00000000,357143.00000000,0.00393238
38,1,MS,12,1,357143.00000000,357143.00000000,0.00393238
39,1,MS,12,1,357143.00000000,357143.00000000,0.00393238
40,1,MS,12,1,357143.00000000,357143.00000000,0.00393238
41,1,MS,12,1,357143.00000000,357143.00000000,0.00393238
42,1,MS,12,1,357143.00000000,357143.00000000,0.00393238
43,1,MS,12,1,357143.00000000,357143.00000000,0.00393238
44,1,MS,12,1,357143.00000000,357143.00000000,0.00393238
45,1,MS,12,1,357143.00000000,357143.00000000,0.00393238
46,1,MS,12,1,357143.00000000,357143.00000000,0.00393238
47,1,MS,12,1,357143.00000000,357143.00000000,0.00393238
48,1,MS,12,1,357143.00000000,357143.00000000,0.00393238
49,1,MS,12,1,357143.00000000,357143.00000000,0.00393238
50,1,MS,12,1,357143.00000000,357143.00000000,0.00393238
51,1,MS,12,1,357143.00000000,357143.00000000,0.00393238
52,1,MS,12,1,357143.00000000,357143.00000000,0.00393238
53,1,MS,12,1,357143.00000000,357143.00000000,0.00393238
54,1,MS,12,1,357143.00000000,357143.00000000,0.00393238
55,1,MS,12,1,357143.00000000,357143.00000000,0.00393238
56,1,MS,12,1,357143.00000000,357143.00000000,0.00393238
57,1,MS,12,1,357143.00000000,357143.00000000,0.00393238
58,1,MS,12,1,357143.00000000,357143.00000000,0.00393238
59,1,MS,12,1,357143.00000000,357143.00000000,0.00393238
60,1,MS,12,1,357143.00000000,357143.00000000,0.00393238
61,1,MS,12,1,357143.00000000,357143.00000000,0.00393238
62,1,MS,12,1,357143.00000000,357143.00000000,0.00393238
63,1,MS,12,1,357143.00000000,357143.00000000,0.00393238
64,1,MS,12,1,357143.00000000,357143.00000000,0.00393238
65,1,MS,12,1,357143.00000000,357143.00000000,0.00393238
66,1,MS,12,1,357143.00000000,357143.00000000,0.00393238
67,1,MS,12,1,357143.00000000,357143.00000000,0.00393238
68,1,MS,12,1,357143.00000000,357143.00000000,0.00393238
69,1,MS,12,1,357143.00000000,357143.00000000,0.00393238
70,1,MS,12,1,357143.00000000,357143.00000000,0.00393238
71,1,MS,12,1,357143.00000000,357143.00000000,0.00393238
72,1,MS,12,1,357143.00000000,357143.00000000,0.00393238
73,1,MS,12,1,357143.00000000,357143.00000000,0.00393238
74,1,MS,12,1,357143.00000000,357143.00000000,0.00393238
75,1,MS,12,1,357143.00000000,357143.00000000,0.00393238
76,1,MS,12,1,357143.00000000,357143.00000000,0.00393238
77,1,MS,12,1,357143.00000000,357143.00000000,0.00393238
78,1,MS,12,1,357143.00000000,357143.00000000,0.00393238
79,1,MS,12,1,357143.00000000,357143.00000000,0.00393238
80,1,MS,12,1,357143.00000000,357143.00000000,0.00393238
81,1,MS,12,1,357143.00000000,357143.00000000,0.00393238
82,1,MS,12,1,357143.00000000,357143.00000000,0.00393238
83,1,MS,12,1,357143.00000000,357143.00000000,0.00393238
84,1,MS,12,1,357143.00000000,357143.00000000,0.00393238
85,1,MS,12,1,357143.00000000,357143.00000000,0.00393238
86,1,MS,12,1,357143.00000000,357143.00000000,0.00393238
87,1,MS,12,1,357143.00000000,357143.00000000,0.00393238
88,1,MS,12,1,357143.00000000,357143.00000000,0.00393238
89,1,MS,12,1,357143.00000000,357143.00000000,0.00393238
90,1,MS,12,1,357143.00000000,357143.00000000,0.00393238
91,1,MS,12,1,357143.00000000,357143.00000000,0.00393238
92,1,MS,12,1,357143.00000000,357143.00000000,0.00393238
93,1,MS,12,1,357143.00000000,357143.00000000,0.00393238
94,1,MS,12,1,357143.00000000,357143.00000000,0.00393238
95,1,MS,12,1,357143.00000000,357143.00000000,0.00393238
96,1,MS,12,1,357143.00000000,357143.00000000,0.00393238
97,1,MS,12,1,357143.00000000,357143.00000000,0.00393238
98,1,MS,12,1,357143.00000000,357143.00000000,0.00393238
99,1,MS,12,1,357143.00000000,357143.00000000,0.00393238
100,1,MS,12,1,357143.00000000,357143.00000000,0.00393238
101,1,MS,12,1,357143.00000000,357143.00000000,0.00393238
102,1,MS,12,1,357143.00000000,357143.00000000,0.00393238
103,1,MS,12,1,357143.00000000,357143.00000000,0.00393238
104,1,MS,12,1,357143.00000000,357143.00000000,0.00393238
105,1,MS,12,1,357143.00000000,357143.00000000,0.00393238
106,1,MS,12,1,357143.00000000,357143.00000000,0.00393238
107,1,MS,12,1,357143.00000000,357143.00000000,0.00393238
108,1,MS,12,1,357143.00000000,357143.00000000,0.00393238
109,1,MS,12,1,357143.00000000,357143.00000000,0.00393238
110,1,MS,12,1,357143.00000000,357143.00000000,0.00393238
111,1,MS,12,1,357143.00000000,357143.00000000,0.00393238
112,1,MS,12,1,357143.00000000,357143.00000000,0.00393238
113,1,MS,12,1,357143.00000000,357143.00000000,0.00393238
114,1,MS,12,1,357143.00000000,357143.00000000,0.00393238
115,1,MS,12,1,357143.00000000,357143.00000000,0.00393238
116,1,MS,12,1,357143.00000000,357143.00000000,0.00393238
117,1,MS,12,1,357143.00000000,357143.00000000,0.00393238
118,1,MS,12,1,357143.00000000,357143.00000000,0.00393238
119,1,MS,12,1,357143.00000000,357143.00000000,0.00393238
120,1,MS,12,1,357143.00000000,357143.00000000,0.00393238
121,1,MS,12,1,357143.00000000,357143.00000000,0.00393238
122,1,MS,12,1,357143.00000000,357143.00000000,0.00393238
123,1,MS,12,1,357143.00000000,357143.00000000,0.00393238
124,1,MS,12,1,357143.00000000,357143.00000000,0.00393238
125,1,MS,12,1,357143.00000000,357143.00000000,0.00393238
126,1,MS,12,1,357143.00000000,357143.00000000,0.00393238
127,1,MS,12,1,357143.00000000,357143.00000000,0.00393238
128,1,MS,12,1,357143.00000000,357143.00000000,0.00393238
129,1,MS,12,1,357143.00000000,357143.00000000,0.00393238
130,1,MS,12,1,357143.00000000,357143.00000000,0.00393238
131,1,MS,12,1,357143.00000000,357143.00000000,0.00393238
132,1,MS,12,1,357143.00000000,357143.00000000,0.00393238
133,1,MS,12,1,357143.00000000,357143.00000000,0.00393238
134,1,MS,12,1,357143.00000000,357143.00000000,0.00393238
135,1,MS,12,1,357143.00000000,357143.00000000,0.00393238
136,1,MS,12,1,357143.00000000,357143.00000000,0.00393238
137,1,MS,12,1,357143.00000000,357143.00000000,0.00393238
138,1,MS,12,1,357143.00000000,357143.00000000,0.00393238
139,1,MS,12,1,357143.00000000,357143.00000000,0.00393238
140,1,MS,12,1,357143.00000000,357143.00000000,0.00393238
141,1,MS,12,1,357143.00000000,357143.00000000,0.00393238
142,1,MS,12,1,357143.00000000,357143.00000000,0.00393238
143,1,MS,12,1,357143.00000000,357143.00000000,0.00393238
144,1,MS,12,1,357143.00000000,357143.00000000,0.00393238
145,1,MS,12,1,357143.00000000,357143.00000000,0.00393238
146,1,MS,12,1,357143.00000000,357143.00000000,0.00393238
147,1,MS,12,1,357143.00000000,357143.00000000,0.00393238
148,1,MS,12,1,357143.00000000,357143.00000000,0.00393238
149,1,MS,12,1,357143.00000000,357143.00000000,0.00393238
150,1,MS,12,1,357143.00000000,357143.00000000,0.00393238
151,1,MS,12,1,357143.00000000,357143.00000000,0.00393238
152,1,MS,12,1,357143.00000000,357143.00000000,0.00393238
153,1,MS,12,1,357143.00000000,357143.00000000,0.00393238
154,1,MS,12,1,357143.00000000,357143.00000000,0.00393238
155,1,MS,12,1,357143.00000000,357143.00000000,0.00393238
156,1,MS,12,1,357143.00000000,357143.00000000,0.00393238
157,1,MS,12,1,357143.00000000,357143.00000000,0.00393238
158,1,MS,12,1,357143.00000000,357143.00000000,0.00393238
159,1,MS,12,1,357143.00000000,357143.00000000,0.00393238
160,1,MS,12,1,357143.00000000,357143.00000000,0.00393238
161,1,MS,12,1,357143.00000000,357143.00000000,0.00393238
162,1,MS,12,1,357143.00000000,357143.00000000,0.00393238
163,1,MS,12,1,357143.00000000,357143.00000000,0.00393238
164,1,MS,12,1,357143.00000000,357143.00000000,0.00393238
165,1,MS,12,1,357143.00000000,357143.00000000,0.00393238
166,1,MS,12,1,357143.00000000,357143.00000000,0.00393238
167,1,MS,12,1,357143.00000000,357143.00000000,0.00393238
168,1,MS,12,1,357143.00000000,357143.00000000,0.00393238
169,1,MS,12,1,357143.00000000,357143.00000000,0.00393238
170,1,MS,12,1,357143.00000000,357143.00000000,0.00393238
171,1,MS,12,1,357143.00000000,357143.00000000,0.00393238
172,1,MS,12,1,357143.00000000,357143.00000000,0.00393238
173,1,MS,12,1,357143.00000000,357143.00000000,0.00393238
174,1,MS,12,1,357143.00000000,357143.00000000,0.00393238
175,1,MS,12,1,357143.00000000,357143.00000000,0.00393238
176,1,MS,12,1,357143.00000000,357143.00000000,0.00393238
177,1,MS,12,1,357143.00000000,357143.00000000,0.00393238
178,1,MS,12,1,357143.00000000,357143.00000000,0.00393238
179,1,MS,12,1,357143.00000000,357143.00000000,0.00393238
180,1,MS,12,1,357143.00000000,357143.00000000,0.00393238
181,1,MS,12,1,357143.00000000,357143.00000000,0.00393238
182,1,MS,12,1,357143.00000000,357143.00000000,0.00393238
183,1,MS,12,1,357143.00000000,357143.00000000,0.00393238
184,1,MS,12,1,357143.00000000,357143.00000000,0.00393238
185,1,MS,12,1,357143.00000000,357143.00000000,0.00393238
186,1,MS,12,1,357143.00000000,357143.00000000,0.00393238
187,1,MS,12,1,357143.00000000,357143.00000000,0.00393238
188,1,MS,12,1,357143.00000000,357143.00000000,0.00393238
189,1,MS,12,1,357143.00000000,357143.00000000,0.00393238
190,1,MS,12,1,357143.00000000,357143.00000000,0.00393238
191,1,MS,12,1,357143.00000000,357143.00000000,0.00393238
192,1,MS,12,1,357143.00000000,357143.00000000,0.00393238
193,1,MS,12,1,357143.00000000,357143.00000000,0.00393238
194,1,MS,12,1,357143.00000000,357143.00000000,0.00393238
195,1,MS,12,1,357143.00000000,357143.00000000,0.00393238
196,1,MS,12,1,357143.00000000,357143.00000000,0.00393238
197,1,MS,12,1,357143.00000000,357143.00000000,0.00393238
198,1,MS,12,1,357143.00000000,357143.00000000,0.00393238
199,1,MS,12,1,357143.00000000,357143.00000000,0.00393238
200,1,MS,12,1,357143.00000000,357143.00000000,0.00393238
201,1,MS,12,1,357143.00000000,357143.00000000,0.00393238
202,1,MS,12,1,357143.00000000,357143.00000000,0.00393238
203,1,MS,12,1,357143.00000000,357143.00000000,0.00393238
204,1,MS,12,1,357143.00000000,357143.00000000,0.00393238
205,1,MS,12,1,357143.00000000,357143.00000000,0.00393238
206,1,MS,12,1,357143.00000000,357143.00000000,0.00393238
207,1,MS,12,1,357143.00000000,357143.00000000,0.00393238
208,1,MS,12,1,357143.00000000,357143.00000000,0.00393238
209,1,MS,12,1,357143.00000000,357143.00000000,0.00393238
210,1,MS,12,1,357143.00000000,357143.00000000,0.00393238
211,1,MS,12,1,357143.00000000,357143.00000000,0.00393238
212,1,MS,12,1,357143.00000000,357143.00000000,0.00393238
213,1,MS,12,1,357143.00000000,357143.00000000,0.00393238
214,1,MS,12,1,357143.00000000,357143.00000000,0.00393238
215,1,MS,12,1,357143.00000000,357143.00000000,0.00393238
216,1,MS,12,1,357143.00000000,357143.00000000,0.00393238
217,1,MS,12,1,357143.00000000,357143.00000000,0.00393238
218,1,MS,12,1,357143.00000000,357143.00000000,0.00393238
219,1,MS,12,1,357143.00000000,357143.00000000,0.00393238
220,1,MS,12,1,357143.00000000,357143.00000000,0.00393238
221,1,MS,12,1,357143.00000000,357143.00000000,0.00393238
222,1,MS,12,1,357143.00000000,357143.00000000,0.00393238
223,1,MS,12,1,357143.00000000,357143.00000000,0.00393238
224,1,MS,12,1,357143.00000000,357143.00000000,0.00393238
225,1,MS,12,1,357143.00000000,357143.00000000,0.00393238
226,1,MS,12,1,357143.00000000,357143.00000000,0.00393238
227,1,MS,12,1,357143.00000000,357143.00000000,0.00393238
228,1,MS,12,1,357143.00000000,357143.00000000,0.00393238
229,1,MS,12,1,357143.00000000,357143.00000000,0.00393238
230,1,MS,12,1,357143.00000000,357143.00000000,0.00393238
231,1,MS,12,1,357143.00000000,357143.00000000,0.00393238
232,1,MS,12,1,357143.00000000,357143.00000000,0.00393238
233,1,MS,12,1,357143.00000000,357143.00000000,0.00393238
234,1,MS,12,1,357143.00000000,357143.00000000,0.00393238
235,1,MS,12,1,357143.00000000,357143.00000000,0.00393238
236,1,MS,12,1,357143.00000000,357143.00000000,0.00393238
237,1,MS,12,1,357143.00000000,357143.00000000,0.00393238
238,1,MS,12,1,357143.00000000,357143.00000000,0.00393238
239,1,MS,12,1,357143.00000000,357143.00000000,0.00393238
240,1,MS,12,1,357143.00000000,357143.00000000,0.00393238
241,1,MS,12,1,357143.00000000,357143.00000000,0.00393238
242,1,MS,12,1,357143.00000000,357143.00000000,0.00393238
243,1,MS,12,1,357143.00000000,357143.00000000,0.00393238
244,1,MS,12,1,357143.00000000,357143.00000000,0.00393238
245,1,MS,12,1,357143.00000000,357143.00000000,0.00393238
246,1,MS,12,1,357143.00000000,357143.00000000,0.00393238
247,1,MS,12,1,357143.00000000,357143.00000000,0.00393238
248,1,MS,12,1,357143.00000000,357143.00000000,0.00393238
249,1,MS,12,1,357143.00000000,357143.00000000,0.00393238
250,1,MS,12,1,357143.00000000,357143.00000000,0.00393238
251,1,MS,12,1,357143.00000000,357143.00000000,0.00393238
252,1,MS,12,1,357143.00000000,357143.00000000,0.00393238
253,1,MS,12,1,357143.00000000,357143.00000000,0.00393238
254,1,MS,12,1,357143.00000000,357143.00000000,0.00393238
255,1,MS,12,1,357143.00000000,357143.00000000,0.00393238
256,1,MS,12,1,357143.00000000,357143.00000000,0.00393238
257,1,MS,12,1,357143.00000000,357143.00000000,0.00393238
258,1,MS,12,1,357143.00000000,357143.00000000,0.00393238
259,1,MS,12,1,357143.00000000,357143.00000000,0.00393238
260,1,MS,12,1,357143.00000000,357143.00000000,0.00393238
261,1,MS,12,1,357143.00000000,357143.00000000,0.00393238
262,1,MS,12,1,357143.00000000,357143.00000000,0.00393238
263,1,MS,12,1,357143.00000000,357143.00000000,0.00393238
264,1,MS,12,1,357143.00000000,357143.00000000,0.00393238
265,1,MS,12,1,357143.00000000,357143.00000000,0.00393238
266,1,MS,12,1,357143.00000000,357143.00000000,0.00393238
267,1,MS,12,1,357143.00000000,357143.00000000,0.00393238
268,1,MS,12,1,357143.00000000,357143.00000000,0.00393238
269,1,MS,12,1,357143.00000000,357143.00000000,0.00393238
270,1,MS,12,1,357143.00000000,357143.00000000,0.00393238
271,1,MS,12,1,357143.00000000,357143.00000000,0.00393238
272,1,MS,12,1,357143.00000000,357143.00000000,0.00393238
273,1,MS,12,1,357143.00000000,357143.00000000,0.00393238
274,1,MS,12,1,357143.00000000,357143.00000000,0.00393238
275,1,MS,12,1,357143.00000000,357143.00000000,0.00393238
276,1,MS,12,1,357143.00000000,357143.00000000,0.00393238
277,1,MS,12,1,357143.00000000,357143.00000000,0.00393238
278,1,MS,12,1,357143.00000000,357143.00000000,0.00393238
279,1,MS,12,1,357143.00000000,357143.00000000,0.00393238
280,1,MS,12,1,357143.00000000,357143.00000000,0.00393238
281,1,MS,12,1,357143.00000000,357143.00000000,0.00393238
282,1,MS,12,1,357143.00000000,357143.00000000,0.00393238
283,1,MS,12,1,357143.00000000,357143.00000000,0.00393238
284,1,MS,12,1,357143.00000000,357143.00000000,0.00393238
285,1,MS,12,1,357143.00000000,357143.00000000,0.00393238
286,1,MS,12,1,357143.00000000,357143.00000000,0.00393238
287,1,MS,12,1,357143.00000000,357143.00000000,0.00393238
288,1,MS,12,1,357143.00000000,357143.00000000,0.00393238
289,1,MS,12,1,357143.00000000,357143.00000000,0.00393238
290,1,MS,12,1,357143.00000000,357143.00000000,0.00393238
291,1,MS,12,1,357143.00000000,357143.00000000,0.00393238
292,1,MS,12,1,357143.00000000,357143.00000000,0.00393238
293,1,MS,12,1,357143.00000000,357143.00000000,0.00393238
294,1,MS,12,1,357143.00000000,357143.00000000,0.00393238
295,1,MS,12,1,357143.00000000,357143.00000000,0.00393238
296,1,MS,12,1,357143.00000000,357143.00000000,0.00393238
297,1,MS,12,1,357143.00000000,357143.00000000,0.00393238
298,1,MS,12,1,357143.00000000,357143.00000000,0.00393238
299,1,MS,12,1,357143.00000000,357143.00000000,0.00393238
300,1,MS,12,1,357143.00000000,357143.00000000,0.00393238
301,1,MS,12,1,357143.00000000,357143.00000000,0.00393238
302,1,MS,12,1,357143.00000000,357143.00000000,0.00393238
303,1,MS,12,1,357143.00000000,357143.00000000,0.00393238
304,1,MS,12,1,357143.00000000,357143.00000000,0.00393238
305,1,MS,12,1,357143.00000000,357143.00000000,0.00393238
306,1,MS,12,1,357143.00000000,357143.00000000,0.00393238
307,1,MS,12,1,357143.00000000,357143.00000000,0.00393238
308,1,MS,12,1,357143.00000000,357143.00000000,0.00393238
309,1,MS,12,1,357143.00000000,357143.00000000,0.00393238
310,1,MS,12,1,357143.00000000,357143.00000000,0.00393238
311,1,MS,12,1,357143.00000000,357143.00000000,0.00393238
312,1,MS,12,1,357143.00000000,357143.00000000,0.00393238
313,1,MS,12,1,357143.00000000,357143.00000000,0.00393238
314,1,MS,12,1,357143.00000000,357143.00000000,0.00393238
315,1,MS,12,1,357143.00000000,357143.00000000,0.00393238
316,1,MS,12,1,357143.00000000,357143.00000000,0.00393238
317,1,MS,12,1,357143.00000000,357143.00000000,0.00393238
318,1,MS,12,1,357143.00000000,357143.00000000,0.00393238
319,1,MS,12,1,357143.00000000,357143.00000000,0.00393238
320,1,MS,12,1,357143.00000000,357143.00000000,0.00393238
321,1,MS,12,1,357143.00000000,357143.00000000,0.00393238
322,1,MS,12,1,357143.00000000,357143.00000000,0.00393238
323,1,MS,12,1,357143.00000000,357143.00000000,0.00393238
324,1,MS,12,1,357143.00000000,357143.00000000,0.00393238
325,1,MS,12,1,357143.00000000,357143.00000000,0.00393238
326,1,MS,12,1,357143.00000000,357143.00000000,0.00393238
327,1,MS,12,1,357143.00000000,357143.00000000,0.00393238
328,1,MS,12,1,357143.00000000,357143.00000000,0.00393238
329,1,MS,12,1,357143.00000000,357143.00000000,0.00393238
330,1,MS,12,1,357143.00000000,357143.00000000,0.00393238
331,1,MS,12,1,357143.00000000,357143.00000000,0.00393238
332,1,MS,12,1,357143.00000000,357143.00000000,0.00393238
333,1,MS,12,1,357143.00000000,357143.00000000,0.00393238
334,1,MS,12,1,357143.00000000,357143.00000000,0.00393238
335,1,MS,12,1,357143.00000000,357143.00000000,0.00393238
336,1,MS,12,1,357143.00000000,357143.00000000,0.00393238
337,1,MS,12,1,357143.00000000,357143.00000000,0.00393238
338,1,MS,12,1,357143.00000000,357143.00000000,0.00393238
339,1,MS,12,1,357143.00000000,357143.00000000,0.00393238
340,1,MS,12,1,357143.00000000,357143.00000000,0.00393238
341,1,MS,12,1,357143.00000000,357143.00000000,0.00393238
342,1,MS,12,1,357143.00000000,357143.00000000,0.00393238
343,1,MS,12,1,357143.00000000,357143.00000000,0.00393238
344,1,MS,12,1,357143.00000000,357143.00000000,0.00393238
345,1,MS,12,1,357143.00000000,357143.00000000,0.00393238
346,1,MS,12,1,357143.00000000,357143.00000000,0.00393238
347,1,MS,12,1,357143.00000000,357143.00000000,0.00393238
348,1,MS,12,1,357143.00000000,357143.00000000,0.00393238
349,1,MS,12,1,357143.00000000,357143.00000000,0.00393238
350,1,MS,12,1,357143.00000000,357143.00000000,0.00393238
351,1,MS,12,1,357143.00000000,357143.00000000,0.00393238
352,1,MS,12,1,357143.00000000,357143.00000000,0.00393238
353,1,MS,12,1,357143.00000000,357143.00000000,0.00393238
354,1,MS,12,1,357143.00000000,357143.00000000,0.00393238
355,1,MS,12,1,357143.00000000,357143.00000000,0.00393238
356,1,MS,12,1,357143.00000000,357143.00000000,0.00393238
357,1,MS,12,1,357143.00000000,357143.00000000,0.00393238
358,1,MS,12,1,357143.00000000,357143.00000000,0.00393238
359,1,MS,12,1,357143.00000000,357143.00000000,0.00393238
360,1,MS,12,1,357143.00000000,357143.00000000,0.00393238
361,1,MS,12,1,357143.00000000,357143.00000000,0.00393238
362,1,MS,12,1,357143.00000000,357143.00000000,0.00393238
363,1,MS,12,1,357143.00000000,357143.00000000,0.00393238
364,1,MS,12,1,357143.00000000,357143.00000000,0.00393238
365,1,MS,12,1,357143.00000000,357143.00000000,0.00393238
366,1,MS,12,1,357143.00000000,357143.00000000,0.00393238
367,1,MS,12,1,357143.00000000,357143.00000000,0.00393238
368,1,MS,12,1,357143.00000000,357143.00000000,0.00393238
369,1,MS,12,1,357143.00000000,357143.00000000,0.00393238
370,1,MS,12,1,357143.00000000,357143.00000000,0.00393238
371,1,MS,12,1,357143.00000000,357143.00000000,0.00393238
372,1,MS,12,1,357143.00000000,357143.00000000,0.00393238
373,1,MS,12,1,357143.00000000,357143.00000000,0.00393238
374,1,MS,12,1,357143.00000000,357143.00000000,0.00393238
375,1,MS,12,1,357143.00000000,357143.00000000,0.00393238
376,1,MS,12,1,357143.00000000,357143.00000000,0.00393238
377,1,MS,12,1,357143.00000000,357143.00000000,0.00393238
378,1,MS,12,1,357143.00000000,357143.00000000,0.00393238
379,1,MS,12,1,357143.00000000,357143.00000000,0.00393238
380,1,MS,12,1,357143.00000000,357143.00000000,0.00393238
381,1,MS,12,1,357143.00000000,357143.00000000,0.00393238
382,1,MS,12,1,357143.00000000,357143.00000000,0.00393238
383,1,MS,12,1,357143.00000000,357143.00000000,0.00393238
384,1,MS,12,1,357143.00000000,357143.00000000,0.00393238
385,1,MS,12,1,357143.00000000,357143.00000000,0.00393238
386,1,MS,12,1,357143.00000000,357143.00000000,0.00393238
387,1,MS,12,1,357143.00000000,357143.00000000,0.00393238
388,1,MS,12,1,357143.00000000,357143.00000000,0.00393238
389,1,MS,12,1,357143.00000000,357143.00000000,0.00393238
390,1,MS,12,1,357143.00000000,357143.00000000,0.00393238
391,1,MS,12,1,357143.00000000,357143.00000000,0.00393238
392,1,MS,12,1,357143.00000000,357143.00000000,0.00393238
393,1,MS,12,1,357143.00000000,357143.00000000,0.00393238
394,1,MS,12,1,357143.00000000,357143.00000000,0.00393238
395,1,MS,12,1,357143.00000000,357143.00000000,0.00393238
396,1,MS,12,1,357143.00000000,357143.00000000,0.00393238
397,1,MS,12,1,357143.00000000,357143.00000000,0.00393238
398,1,MS,12,1,357143.00000000,357143.00000000,0.00393238
399,1,MS,12,1,357143.00000000,357143.00000000,0.00393238
400,1,MS,12,1,357143.00000000,357143.00000000,0.00393238
401,1,MS,12,1,357143.00000000,357143.00000000,0.00393238
402,1,MS,12,1,357143.00000000,357143.00000000,0.00393238
403,1,MS,12,1,357143.00000000,357143.00000000,0.00393238
404,1,MS,12,1,357143.00000000,357143.00000000,0.00393238
405,1,MS,12,1,357143.00000000,357143.00000000,0.00393238
406,1,MS,12,1,357143.00000000,357143.00000000,0.00393238
407,1,MS,12,1,357143.00000000,357143.00000000,0.00393238
408,1,MS,12,1,357143.00000000,357143.00000000,0.00393238
409,1,MS,12,1,357143.00000000,357143.00000000,0.00393238
410,1,MS,12,1,357143.00000000,357143.00000000,0.00393238
411,1,MS,12,1,357143.00000000,357143.00000000,0.00393238
412,1,MS,12,1,357143.00000000,357143.00000000,0.00393238
413,1,MS,12,1,357143.00000000,357143.00000000,0.00393238
414,1,MS,12,1,357143.00000000,357143.00000000,0.00393238
415,1,MS,12,1,357143.00000000,357143.00000000,0.00393238
416,1,MS,12,1,357143.00000000,357143.00000000,0.00393238
417,1,MS,12,1,357143.00000000,357143.00000000,0.00393238
418,1,MS,12,1,357143.00000000,357143.00000000,0.00393238
419,1,MS,12,1,357143.00000000,357143.00000000,0.00393238
420,1,MS,12,1,357143.00000000,357143.00000000,0.00393238
421,1,MS,12,1,357143.00000000,357143.00000000,0.00393238
422,1,MS,12,1,357143.00000000,357143.00000000,0.00393238
423,1,MS,12,1,357143.00000000,357143.00000000,0.00393238
424,1,MS,12,1,357143.00000000,357143.00000000,0.00393238
425,1,MS,12,1,357143.00000000,357143.00000000,0.00393238
426,1,MS,12,1,357143.00000000,357143.00000000,0.00393238
427,1,MS,12,1,357143.00000000,357143.00000000,0.00393238
428,1,MS,12,1,357143.00000000,357143.00000000,0.00393238
429,1,MS,12,1,357143.00000000,357143.00000000,0.00393238
430,1,MS,12,1,357143.00000000,357143.00000000,0.00393238
431,1,MS,12,1,357143.00000000,357143.00000000,0.00393238
432,1,MS,12,1,357143.00000000,357143.00000000,0.00393238
433,1,MS,12,1,357143.00000000,357143.00000000,0.00393238
434,1,MS,12,1,357143.00000000,357143.00000000,0.00393238
435,1,MS,12,1,357143.00000000,357143.00000000,0.00393238
436,1,MS,12,1,357143.00000000,357143.00000000,0.00393238
437,1,MS,12,1,357143.00000000,357143.00000000,0.00393238
438,1,MS,12,1,357143.00000000,357143.00000000,0.00393238
439,1,MS,12,1,357143.00000000,357143.00000000,0.00393238
440,1,MS,12,1,357143.00000000,357143.00000000,0.00393238
441,1,MS,12,1,357143.00000000,357143.00000000,0.00393238
442,1,MS,12,1,357143.00000000,357143.00000000,0.00393238
443,1,MS,12,1,357143.00000000,357143.00000000,0.00393238
444,1,MS,12,1,357143.00000000,357143.00000000,0.00393238
445,1,MS,12,1,357143.00000000,357143.00000000,0.00393238
446,1,MS,12,1,357143.00000000,357143.00000000,0.00393238
447,1,MS,12,1,357143.00000000,357143.00000000,0.00393238
448,1,MS,12,1,357143.00000000,357143.00000000,0.00393238
449,1,MS,12,1,357143.00000000,357143.00000000,0.00393238
450,1,MS,12,1,357143.00000000,357143.00000000,0.00393238
451,1,MS,12,1,357143.00000000,357143.00000000,0.00393238
452,1,MS,12,1,357143.00000000,357143.00000000,0.00393238
453,1,MS,12,1,357143.00000000,357143.00000000,0.00393238
454,1,MS,12,1,357143.00000000,357143.00000000,0.00393238
455,1,MS,12,1,357143.00000000,357143.00000000,0.00393238
456,1,MS,12,1,357143.00000000,357143.00000000,0.00393238
457,1,MS,12,1,357143.00000000,357143.00000000,0.00393238
458,1,MS,12,1,357143.00000000,357143.00000000,0.00393238
459,1,MS,12,1,357143.00000000,357143.00000000,0.00393238
460,1,MS,12,1,357143.00000000,357143.00000000,0.00393238
461,1,MS,12,1,357143.00000000,357143.00000000,0.00393238
462,1,MS,12,1,357143.00000000,357143.00000000,0.00393238
463,1,MS,12,1,357143.00000000,357143.00000000,0.00393238
464,1,MS,12,1,357143.00000000,357143.00000000,0.00393238
465,1,MS,12,1,357143.00000000,357143.00000000,0.00393238
466,1,MS,12,1,357143.00000000,357143.00000000,0.00393238
467,1,MS,12,1,357143.00000000,357143.00000000,0.00393238
468,1,MS,12,1,357143.00000000,357143.00000000,0.00393238
469,1,MS,12,1,357143.00000000,357143.00000000,0.00393238
470,1,MS,12,1,357143.00000000,357143.00000000,0.00393238
471,1,MS,12,1,357143.00000000,357143.00000000,0.00393238
472,1,MS,12,1,357143.00000000,357143.00000000,0.00393238
473,1,MS,12,1,357143.00000000,357143.00000000,0.00393238
474,1,MS,12,1,357143.00000000,357143.00000000,0.00393238
475,1,MS,12,1,357143.00000000,357143.00000000,0.00393238
476,1,MS,12,1,357143.00000000,357143.00000000,0.00393238
477,1,MS,12,1,357143.00000000,357143.00000000,0.00393238
478,1,MS,12,1,357143.00000000,357143.00000000,0.00393238
479,1,MS,12,1,357143.00000000,357143.00000000,0.00393238
480,1,MS,12,1,357143.00000000,357143.00000000,0.00393238
481,1,MS,12,1,357143.00000000,357143.00000000,0.00393238
482,1,MS,12,1,357143.00000000,357143.00000000,0.00393238
483,1,MS,12,1,357143.00000000,357143.00000000,0.00393238
484,1,MS,12,1,357143.00000000,357143.00000000,0.00393238
485,1,MS,12,1,357143.00000000,357143.00000000,0.00393238
486,1,MS,12,1,357143.00000000,357143.00000000,0.00393238
487,1,MS,12,1,357143.00000000,357143.00000000,0.00393238
488,1,MS,12,1,357143.00000000,357143.00000000,0.00393238
489,1,MS,12,1,357143.00000000,357143.00000000,0.00393238
490,1,MS,12,1,357143.00000000,357143.00000000,0.00393238
491,1,MS,12,1,357143.00000000,357143.00000000,0.00393238
492,1,MS,12,1,357143.00000000,357143.00000000,0.00393238
493,1,MS,12,1,357143.00000000,357143.00000000,0.00393238
494,1,MS,12,1,357143.00000000,357143.00000000,0.00393238
495,1,MS,12,1,357143.00000000,357143.00000000,0.00393238
496,1,MS,12,1,357143.00000000,357143.00000000,0.00393238
497,1,MS,12,1,357143.00000000,357143.00000000,0.00393238
498,1,MS,12,1,357143.00000000,357143.00000000,0.00393238
499,1,MS,12,1,357143.00000000,357143.00000000,0.00393238
500,1,MS,12,1,357143.00000000,357143.00000000,0.00393238
501,1,MS,12,1,357143.00000000,357143.00000000,0.00393238
502,1,MS,12,1,357143.00000000,357143.00000000,0.00393238
503,1,MS,12,1,357143.00000000,357143.00000000,0.00393238
504,1,MS,12,1,357143.00000000,357143.00000000,0.00393238
505,1,MS,12,1,357143.00000000,357143.00000000,0.00393238
506,1,MS,12,1,357143.00000000,357143.00000000,0.00393238
507,1,MS,12,1,357143.00000000,357143.00000000,0.00393238
508,1,MS,12,1,357143.00000000,357143.00000000,0.00393238
509,1,MS,12,1,357143.00000000,357143.00000000,0.00393238
510,1,MS,12,1,357143.00000000,357143.00000000,0.00393238
511,1,MS,12,1,357143.00000000,357143.00000000,0.00393238
512,1,MS,12,1,357143.00000000,357143.00000000,0.00393238
513,1,MS,12,1,357143.00000000,357143.00000000,0.00393238
514,1,MS,12,1,357143.00000000,357143.00000000,0.00393238
515,1,MS,12,1,357143.00000000,357143.00000000,0.00393238
516,1,MS,12,1,357143.00000000,357143.00000000,0.00393238
517,1,MS,12,1,357143.00000000,357143.00000000,0.00393238
518,1,MS,12,1,357143.00000000,357143.00000000,0.00393238
519,1,MS,12,1,357143.00000000,357143.00000000,0.00393238
520,1,MS,12,1,357143.00000000,357143.00000000,0.00393238
521,1,MS,12,1,357143.00000000,357143.00000000,0.00393238
522,1,MS,12,1,357143.00000000,357143.00000000,0.00393238
523,1,MS,12,1,357143.00000000,357143.00000000,0.00393238
524,1,MS,12,1,357143.00000000,357143.00000000,0.00393238
525,1,MS,12,1,357143.00000000,357143.00000000,0.00393238
526,1,MS,12,1,357143.00000000,357143.00000000,0.00393238
527,1,MS,12,1,357143.00000000,357143.00000000,0.00393238
528,1,MS,12,1,357143.00000000,357143.00000000,0.00393238
529,1,MS,12,1,357143.00000000,357143.00000000,0.00393238
530,1,MS,12,1,357143.00000000,357143.00000000,0.00393238
531,1,MS,12,1,357143.00000000,357143.00000000,0.00393238
532,1,MS,12,1,357143.00000000,357143.00000000,0.00393238
533,1,MS,12,1,357143.00000000,357143.00000000,0.00393238
534,1,MS,12,1,357143.00000000,357143.00000000,0.00393238
535,1,MS,12,1,357143.00000000,357143.00000000,0.00393238
536,1,MS,12,1,357143.00000000,357143.00000000,0.00393238
537,1,MS,12,1,357143.00000000,357143.00000000,0.00393238
538,1,MS,12,1,357143.00000000,357143.00000000,0.00393238
539,1,MS,12,1,357143.00000000,357143.00000000,0.00393238
540,1,MS,12,1,357143.00000000,357143.00000000,0.00393238
541,1,MS,12,1,357143.00000000,357143.00000000,0.00393238
542,1,MS,12,1,357143.00000000,357143.00000000,0.00393238
543,1,MS,12,1,357143.00000000,357143.00000000,0.00393238
544,1,MS,12,1,357143.00000000,357143.00000000,0.00393238
545,1,MS,12,1,357143.00000000,357143.00000000,0.00393238
546,1,MS,12,1,357143.00000000,357143.00000000,0.00393238
547,1,MS,12,1,357143.00000000,357143.00000000,0.00393238
548,1,MS,12,1,357143.00000000,357143.00000000,0.00393238
549,1,MS,12,1,357143.00000000,357143.00000000,0.00393238
550,1,MS,12,1,357143.00000000,357143.00000000,0.00393238
551,1,MS,12,1,357143.00000000,357143.00000000,0.00393238
552,1,MS,12,1,357143.00000000,357143.00000000,0.00393238
553,1,MS,12,1,357143.00000000,357143.00000000,0.00393238
554,1,MS,12,1,357143.00000000,357143.00000000,0.00393238
555,1,MS,12,1,357143.00000000,357143.00000000,0.00393238
556,1,MS,12,1,357143.00000000,357143.00000000,0.00393238
557,1,MS,12,1,357143.00000000,357143.00000000,0.00393238
558,1,MS,12,1,357143.00000000,357143.00000000,0.00393238
559,1,MS,12,1,357143.00000000,357143.00000000,0.00393238
560,1,MS,12,1,357143.00000000,357143.00000000,0.00393238
561,1,MS,12,1,357143.00000000,357143.00000000,0.00393238
562,1,MS,12,1,357143.00000000,357143.00000000,0.00393238
563,1,MS,12,1,357143.00000000,357143.00000000,0.00393238
564,1,MS,12,1,357143.00000000,357143.00000000,0.00393238
565,1,MS,12,1,357143.00000000,357143.00000000,0.00393238
566,1,MS,12,1,357143.00000000,357143.00000000,0.00393238
567,1,MS,12,1,357143.00000000,357143.00000000,0.00393238
568,1,MS,12,1,357143.00000000,357143.00000000,0.00393238
569,1,MS,12,1,357143.00000000,357143.00000000,0.00393238
570,1,MS,12,1,357143.00000000,357143.00000000,0.00393238
571,1,MS,12,1,357143.00000000,357143.00000000,0.00393238
572,1,MS,12,1,357143.00000000,357143.00000000,0.00393238
573,1,MS,12,1,357143.00000000,357143.00000000,0.00393238
574,1,MS,12,1,357143.00000000,357143.00000000,0.00393238
575,1,MS,12,1,357143.00000000,357143.00000000,0.00393238
576,1,MS,12,1,357143.00000000,357143.00000000,0.00393238
577,1,MS,12,1,357143.00000000,357143.00000000,0.00393238
578,1,MS,12,1,357143.00000000,357143.00000000,0.00393238
579,1,MS,12,1,357143.00000000,357143.00000000,0.00393238
580,1,MS,12,1,357143.00000000,357143.00000000,0.00393238
581,1,MS,12,1,357143.00000000,357143.00000000,0.00393238
582,1,MS,12,1,357143.00000000,357143.00000000,0.00393238
583,1,MS,12,1,357143.00000000,357143.00000000,0.00393238
584,1,MS,12,1,357143.00000000,357143.00000000,0.00393238
585,1,MS,12,1,357143.00000000,357143.00000000,0.00393238
586,1,MS,12,1,357143.00000000,357143.00000000,0.00393238
587,1,MS,12,1,357143.00000000,357143.00000000,0.00393238
588,1,MS,12,1,357143.00000000,357143.00000000,0.00393238
589,1,MS,12,1,357143.00000000,357143.00000000,0.00393238
590,1,MS,12,1,357143.00000000,357143.00000000,0.00393238
591,1,MS,12,1,357143.00000000,357143.00000000,0.00393238
592,1,MS,12,1,357143.00000000,357143.00000000,0.00393238
593,1,MS,12,1,357143.00000000,357143.00000000,0.00393238
594,1,MS,12,1,357143.00000000,357143.00000000,0.00393238
595,1,MS,12,1,357143.00000000,357143.00000000,0.00393238
596,1,MS,12,1,357143.00000000,357143.00000000,0.00393238
597,1,MS,12,1,357143.00000000,357143.00000000,0.00393238
598,1,MS,12,1,357143.00000000,357143.00000000,0.00393238
599,1,MS,12,1,357143.00000000,357143.00000000,0.00393238
600,1,MS,12,1,357143.00000000,357143.00000000,0.00393238
601,1,MS,12,1,357143.00000000,357143.00000000,0.00393238
602,1,MS,12,1,357143.00000000,357143.00000000,0.00393238
603,1,MS,12,1,357143.00000000,357143.00000000,0.00393238
604,1,MS,12,1,357143.00000000,357143.00000000,0.00393238
605,1,MS,12,1,357143.00000000,357143.00000000,0.00393238
606,1,MS,12,1,357143.00000000,357143.00000000,0.00393238
607,1,MS,12,1,357143.00000000,357143.00000000,0.00393238
608,1,MS,12,1,357143.00000000,357143.00000000,0.00393238
609,1,MS,12,1,357143.00000000,357143.00000000,0.00393238
610,1,MS,12,1,357143.00000000,357143.00000000,0.00393238
611,1,MS,12,1,357143.00000000,357143.00000000,0.00393238
612,1,MS,12,1,357143.00000000,357143.00000000,0.00393238
613,1,MS,12,1,357143.00000000,357143.00000000,0.00393238
614,1,MS,12,1,357143.00000000,357143.00000000,0.00393238
615,1,MS,12,1,357143.00000000,357143.00000000,0.00393238
616,1,MS,12,1,357143.00000000,357143.00000000,0.00393238
617,1,MS,12,1,357143.00000000,357143.00000000,0.00393238
618,1,MS,12,1,357143.00000000,357143.00000000,0.00393238
619,1,MS,12,1,357143.00000000,357143.00000000,0.00393238
620,1,MS,12,1,357143.00000000,357143.00000000,0.00393238
621,1,MS,12,1,357143.00000000,357143.00000000,0.00393238
622,1,MS,12,1,357143.00000000,357143.00000000,0.00393238
623,1,MS,12,1,357143.00000000,357143.00000000,0.00393238
624,1,MS,12,1,357143.00000000,357143.00000000,0.00393238
625,1,MS,12,1,357143.00000000,357143.00000000,0.00393238
626,1,MS,12,1,357143.00000000,357143.00000000,0.00393238
627,1,MS,12,1,357143.00000000,357143.00000000,0.00393238
628,1,MS,12,1,357143.00000000,357143.00000000,0.00393238
629,1,MS,12,1,357143.00000000,357143.00000000,0.00393238
630,1,MS,12,1,357143.00000000,357143.00000000,0.00393238
631,1,MS,12,1,357143.00000000,357143.00000000,0.00393238
632,1,MS,12,1,357143.00000000,357143.00000000,0.00393238
633,1,MS,12,1,357143.00000000,357143.00000000,0.00393238
634,1,MS,12,1,357143.00000000,357143.00000000,0.00393238
635,1,MS,12,1,357143.00000000,357143.00000000,0.00393238
636,1,MS,12,1,357143.00000000,357143.00000000,0.00393238
637,1,MS,12,1,357143.00000000,357143.00000000,0.00393238
638,1,MS,12,1,357143.00000000,357143.00000000,0.00393238
639,1,MS,12,1,357143.00000000,357143.00000000,0.00393238
640,1,MS,12,1,357143.00000000,357143.00000000,0.00393238
641,1,MS,12,1,357143.00000000,357143.00000000,0.00393238
642,1,MS,12,1,357143.00000000,357143.00000000,0.00393238
643,1,MS,12,1,357143.00000000,357143.00000000,0.00393238
644,1,MS,12,1,357143.00000000,357143.00000000,0.00393238
645,1,MS,12,1,357143.00000000,357143.00000000,0.00393238
646,1,MS,12,1,357143.00000000,357143.00000000,0.00393238
647,1,MS,12,1,357143.00000000,357143.00000000,0.00393238
648,1,MS,12,1,357143.00000000,357143.00000000,0.00393238
649,1,MS,12,1,357143.00000000,357143.00000000,0.00393238
650,1,MS,12,1,357143.00000000,357143.00000000,0.00393238
651,1,MS,12,1,357143.00000000,357143.00000000,0.00393238
652,1,MS,12,1,357143.00000000,357143.00000000,0.00393238
653,1,MS,12,1,357143.00000000,357143.00000000,0.00393238
654,1,MS,12,1,357143.00000000,357143.00000000,0.00393238
655,1,MS,12,1,357143.00000000,357143.00000000,0.00393238
656,1,MS,12,1,357143.00000000,357143.00000000,0.00393238
657,1,MS,12,1,357143.00000000,357143.00000000,0.00393238
658,1,MS,12,1,357143.00000000,357143.00000000,0.00393238
659,1,MS,12,1,357143.00000000,357143.00000000,0.00393238
660,1,MS,12,1,357143.00000000,357143.00000000,0.00393238
661,1,MS,12,1,357143.00000000,357143.00000000,0.00393238
662,1,MS,12,1,357143.00000000,357143.00000000,0.00393238
663,1,MS,12,1,357143.00000000,357143.00000000,0.00393238
664,1,MS,12,1,357143.00000000,357143.00000000,0.00393238
665,1,MS,12,1,357143.00000000,357143.00000000,0.00393238
666,1,MS,12,1,357143.00000000,357143.00000000,0.00393238
667,1,MS,12,1,357143.00000000,357143.00000000,0.00393238
668,1,MS,12,1,357143.00000000,357143.00000000,0.00393238
669,1,MS,12,1,357143.00000000,357143.00000000,0.00393238
670,1,MS,12,1,357143.00000000,357143.00000000,0.00393238
671,1,MS,12,1,357143.00000000,357143.00000000,0.00393238
672,1,MS,12,1,357143.00000000,357143.00000000,0.00393238
673,1,MS,12,1,357143.00000000,357143.00000000,0.00393238
674,1,MS,12,1,357143.00000000,357143.00000000,0.00393238
675,1,MS,12,1,357143.00000000,357143.00000000,0.00393238
676,1,MS,12,1,357143.00000000,357143.00000000,0.00393238
677,1,MS,12,1,357143.00000000,357143.00000000,0.00393238
678,1,MS,12,1,357143.00000000,357143.00000000,0.00393238
679,1,MS,12,1,357143.00000000,357143.00000000,0.00393238
680,1,MS,12,1,357143.00000000,357143.00000000,0.00393238
681,1,MS,12,1,357143.00000000,357143.00000000,0.00393238
682,1,MS,12,1,357143.00000000,357143.00000000,0.00393238
683,1,MS,12,1,357143.00000000,357143.00000000,0.00393238
684,1,MS,12,1,357143.00000000,357143.00000000,0.00393238
685,1,MS,12,1,357143.00000000,357143.00000000,0.00393238
686,1,MS,12,1,357143.00000000,357143.00000000,0.00393238
687,1,MS,12,1,357143.00000000,357143.00000000,0.00393238
688,1,MS,12,1,357143.00000000,357143.00000000,0.00393238
689,1,MS,12,1,357143.00000000,357143.00000000,0.00393238
690,1,MS,12,1,357143.00000000,357143.00000000,0.00393238
691,1,MS,12,1,357143.00000000,357143.00000000,0.00393238
692,1,MS,12,1,357143.00000000,357143.00000000,0.00393238
693,1,MS,12,1,357143.00000000,357143.00000000,0.00393238
694,1,MS,12,1,357143.00000000,357143.00000000,0.00393238
695,1,MS,12,1,357143.00000000,357143.00000000,0.00393238
696,1,MS,12,1,357143.00000000,357143.00000000,0.00393238
697,1,MS,12,1,357143.00000000,357143.00000000,0.00393238
698,1,MS,12,1,357143.00000000,357143.00000000,0.00393238
699,1,MS,12,1,357143.00000000,357143.00000000,0.00393238
700,1,MS,12,1,357143.00000000,357143.00000000,0.00393238
701,1,MS,12,1,357143.00000000,357143.00000000,0.00393238
702,1,MS,12,1,357143.00000000,357143.00000000,0.00393238
703,1,MS,12,1,357143.00000000,357143.00000000,0.00393238
704,1,MS,12,1,357143.00000000,357143.00000000,0.00393238
705,1,MS,12,1,357143.00000000,357143.00000000,0.00393238
706,1,MS,12,1,357143.00000000,357143.00000000,0.00393238
707,1,MS,12,1,357143.00000000,357143.00000000,0.00393238
708,1,MS,12,1,357143.00000000,357143.00000000,0.00393238
709,1,MS,12,1,357143.00000000,357143.00000000,0.00393238
710,1,MS,12,1,357143.00000000,357143.00000000,0.00393238
711,1,MS,12,1,357143.00000000,357143.00000000,0.00393238
712,1,MS,12,1,357143.00000000,357143.00000000,0.00393238
713,1,MS,12,1,357143.00000000,357143.00000000,0.00393238
714,1,MS,12,1,357143.00000000,357143.00000000,0.00393238
715,1,MS,12,1,357143.00000000,357143.00000000,0.00393238
716,1,MS,12,1,357143.00000000,357143.00000000,0.00393238
717,1,MS,12,1,357143.00000000,357143.00000000,0.00393238
718,1,MS,12,1,357143.00000000,357143.00000000,0.00393238
719,1,MS,12,1,357143.00000000,357143.00000000,0.00393238
720,1,MS,12,1,357143.00000000,357143.00000000,0.00393238
721,1,MS,12,1,357143.00000000,357143.00000000,0.00393238
722,1,MS,12,1,357143.00000000,357143.00000000,0.00393238
723,1,MS,12,1,357143.00000000,357143.00000000,0.00393238
724,1,MS,12,1,357143.00000000,357143.00000000,0.00393238
725,1,MS,12,1,357143.00000000,357143.00000000,0.00393238
726,1,MS,12,1,357143.00000000,357143.00000000,0.00393238
727,1,MS,12,1,357143.00000000,357143.00000000,0.00393238
728,1,MS,12,1,357143.00000000,357143.00000000,0.00393238
729,1,MS,12,1,357143.00000000,357143.00000000,0.00393238
730,1,MS,12,1,357143.00000000,357143.00000000,0.00393238
731,1,MS,12,1,357143.00000000,357143.00000000,0.00393238
732,1,MS,12,1,357143.00000000,357143.00000000,0.00393238
733,1,MS,12,1,357143.00000000,357143.00000000,0.00393238
734,1,MS,12,1,357143.00000000,357143.00000000,0.00393238
735,1,MS,12,1,357143.00000000,357143.00000000,0.00393238
736,1,MS,12,1,357143.00000000,357143.00000000,0.00393238
737,1,MS,12,1,357143.00000000,357143.00000000,0.00393238
738,1,MS,12,1,357143.00000000,357143.00000000,0.00393238
739,1,MS,12,1,357143.00000000,357143.00000000,0.00393238
740,1,MS,12,1,357143.00000000,357143.00000000,0.00393238
741,1,MS,12,1,357143.00000000,357143.00000000,0.00393238
742,1,MS,12,1,357143.00000000,357143.00000000,0.00393238
743,1,MS,12,1,357143.00000000,357143.00000000,0.00393238
744,1,MS,12,1,357143.00000000,357143.00000000,0.00393238
745,1,MS,12,1,357143.00000000,357143.00000000,0.00393238
746,1,MS,12,1,357143.00000000,357143.00000000,0.00393238
747,1,MS,12,1,357143.00000000,357143.00000000,0.00393238
748,1,MS,12,1,357143.00000000,357143.00000000,0.00393238
749,1,MS,12,1,357143.00000000,357143.00000000,0.00393238
750,1,MS,12,1,357143.00000000,357143.00000000,0.00393238
751,1,MS,12,1,357143.00000000,357143.00000000,0.00393238
752,1,MS,12,1,357143.00000000,357143.00000000,0.00393238
753,1,MS,12,1,357143.00000000,357143.00000000,0.00393238
754,1,MS,12,1,357143.00000000,357143.00000000,0.00393238
755,1,MS,12,1,357143.00000000,357143.00000000,0.00393238
756,1,MS,12,1,357143.00000000,357143.00000000,0.00393238
757,1,MS,12,1,357143.00000000,357143.00000000,0.00393238
758,1,MS,12,1,357143.00000000,357143.00000000,0.00393238
759,1,MS,12,1,357143.00000000,357143.00000000,0.00393238
760,1,MS,12,1,357143.00000000,357143.00000000,0.00393238
761,1,MS,12,1,357143.00000000,357143.00000000,0.00393238
762,1,MS,12,1,357143.00000000,357143.00000000,0.00393238
763,1,MS,12,1,357143.00000000,357143.00000000,0.00393238
764,1,MS,12,1,357143.00000000,357143.00000000,0.00393238
765,1,MS,12,1,357143.00000000,357143.00000000,0.00393238
766,1,MS,12,1,357143.00000000,357143.00000000,0.00393238
767,1,MS,12,1,357143.00000000,357143.00000000,0.00393238
768,1,MS,12,1,357143.00000000,357143.00000000,0.00393238
769,1,MS,12,1,357143.00000000,357143.00000000,0.00393238
770,1,MS,12,1,357143.00000000,357143.00000000,0.00393238
771,1,MS,12,1,357143.00000000,357143.00000000,0.00393238
772,1,MS,12,1,357143.00000000,357143.00000000,0.00393238
773,1,MS,12,1,357143.00000000,357143.00000000,0.00393238
774,1,MS,12,1,357143.00000000,357143.00000000,0.00393238
775,1,MS,12,1,357143.00000000,357143.00000000,0.00393238
776,1,MS,12,1,357143.00000000,357143.00000000,0.00393238
777,1,MS,12,1,357143.00000000,357143.00000000,0.00393238
778,1,MS,12,1,357143.00000000,357143.00000000,0.00393238
779,1,MS,12,1,357143.00000000,357143.00000000,0.00393238
780,1,MS,12,1,357143.00000000,357143.00000000,0.00393238
781,1,MS,12,1,357143.00000000,357143.00000000,0.00393238
782,1,MS,12,1,357143.00000000,357143.00000000,0.00393238
783,1,MS,12,1,357143.00000000,357143.00000000,0.00393238
784,1,MS,12,1,357143.00000000,357143.00000000,0.00393238
785,1,MS,12,1,357143.00000000,357143.00000000,0.00393238
786,1,MS,12,1,357143.00000000,357143.00000000,0.00393238
787,1,MS,12,1,357143.00000000,357143.00000000,0.00393238
788,1,MS,12,1,357143.00000000,357143.00000000,0.00393238
789,1,MS,12,1,357143.00000000,357143.00000000,0.00393238
790,1,MS,12,1,357143.00000000,357143.00000000,0.00393238
791,1,MS,12,1,357143.00000000,357143.00000000,0.00393238
792,1,MS,12,1,357143.00000000,357143.00000000,0.00393238
793,1,MS,12,1,357143.00000000,357143.00000000,0.00393238
794,1,MS,12,1,357143.00000000,357143.00000000,0.00393238
795,1,MS,12,1,357143.00000000,357143.00000000,0.00393238
796,1,MS,12,1,357143.00000000,357143.00000000,0.00393238
797,1,MS,12,1,357143.00000000,357143.00000000,0.00393238
798,1,MS,12,1,357143.00000000,357143.00000000,0.00393238
799,1,MS,12,1,357143.00000000,357143.00000000,0.00393238
800,1,MS,12,1,357143.00000000,357143.00000000,0.00393238
801,1,MS,12,1,357143.00000000,357143.00000000,0.00393238
802,1,MS,12,1,357143.00000000,357143.00000000,0.00393238
803,1,MS,12,1,357143.00000000,357143.00000000,0.00393238
804,1,MS,12,1,357143.00000000,357143.00000000,0.00393238
805,1,MS,12,1,357143.00000000,357143.00000000,0.00393238
806,1,MS,12,1,357143.00000000,357143.00000000,0.00393238
807,1,MS,12,1,357143.00000000,357143.00000000,0.00393238
808,1,MS,12,1,357143.00000000,357143.00000000,0.00393238
809,1,MS,12,1,357143.00000000,357143.00000000,0.00393238
810,1,MS,12,1,357143.00000000,357143.00000000,0.00393238
811,1,MS,12,1,357143.00000000,357143.00000000,0.00393238
812,1,MS,12,1,357143.00000000,357143.00000000,0.00393238
813,1,MS,12,1,357143.00000000,357143.00000000,0.00393238
814,1,MS,12,1,357143.00000000,357143.00000000,0.00393238
815,1,MS,12,1,357143.00000000,357143.00000000,0.00393238
816,1,MS,12,1,357143.00000000,357143.00000000,0.00393238
817,1,MS,12,1,357143.00000000,357143.00000000,0.00393238
818,1,MS,12,1,357143.00000000,357143.00000000,0.00393238
819,1,MS,12,1,357143.00000000,357143.00000000,0.00393238
820,1,MS,12,1,357143.00000000,357143.00000000,0.00393238
821,1,MS,12,1,357143.00000000,357143.00000000,0.00393238
822,1,MS,12,1,357143.00000000,357143.00000000,0.00393238
823,1,MS,12,1,357143.00000000,357143.00000000,0.00393238
824,1,MS,12,1,357143.00000000,357143.00000000,0.00393238
825,1,MS,12,1,357143.00000000,357143.00000000,0.00393238
826,1,MS,12,1,357143.00000000,357143.00000000,0.00393238
827,1,MS,12,1,357143.00000000,357143.00000000,0.00393238
828,1,MS,12,1,357143.00000000,357143.00000000,0.00393238
829,1,MS,12,1,357143.00000000,357143.00000000,0.00393238
830,1,MS,12,1,357143.00000000,357143.00000000,0.00393238
831,1,MS,12,1,357143.00000000,357143.00000000,0.00393238
832,1,MS,12,1,357143.00000000,357143.00000000,0.00393238
833,1,MS,12,1,357143.00000000,357143.00000000,0.00393238
834,1,MS,12,1,357143.00000000,357143.00000000,0.00393238
835,1,MS,12,1,357143.00000000,357143.00000000,0.00393238
836,1,MS,12,1,357143.00000000,357143.00000000,0.00393238
837,1,MS,12,1,357143.00000000,357143.00000000,0.00393238
838,1,MS,12,1,357143.00000000,357143.00000000,0.00393238
839,1,MS,12,1,357143.00000000,357143.00000000,0.00393238
840,1,MS,12,1,357143.00000000,357143.00000000,0.00393238
841,1,MS,12,1,357143.00000000,357143.00000000,0.00393238
842,1,MS,12,1,357143.00000000,357143.00000000,0.00393238
843,1,MS,12,1,357143.00000000,357143.00000000,0.00393238
844,1,MS,12,1,357143.00000000,357143.00000000,0.00393238
845,1,MS,12,1,357143.00000000,357143.00000000,0.00393238
846,1,MS,12,1,357143.00000000,357143.00000000,0.00393238
847,1,MS,12,1,357143.00000000,357143.00000000,0.00393238
848,1,MS,12,1,357143.00000000,357143.00000000,0.00393238
849,1,MS,12,1,357143.00000000,357143.00000000,0.00393238
850,1,MS,12,1,357143.00000000,357143.00000000,0.00393238
851,1,MS,12,1,357143.00000000,357143.00000000,0.00393238
852,1,MS,12,1,357143.00000000,357143.00000000,0.00393238
853,1,MS,12,1,357143.00000000,357143.00000000,0.00393238
854,1,MS,12,1,357143.00000000,357143.00000000,0.00393238
855,1,MS,12,1,357143.00000000,357143.00000000,0.00393238
856,1,MS,12,1,357143.00000000,357143.00000000,0.00393238
857,1,MS,12,1,357143.00000000,357143.00000000,0.00393238
858,1,MS,12,1,357143.00000000,357143.00000000,0.00393238
859,1,MS,12,1,357143.00000000,357143.00000000,0.00393238
860,1,MS,12,1,357143.00000000,357143.00000000,0.00393238
861,1,MS,12,1,357143.00000000,357143.00000000,0.00393238
862,1,MS,12,1,357143.00000000,357143.00000000,0.00393238
863,1,MS,12,1,357143.00000000,357143.00000000,0.00393238
864,1,MS,12,1,357143.00000000,357143.00000000,0.00393238
865,1,MS,12,1,357143.00000000,357143.00000000,0.00393238
866,1,MS,12,1,357143.00000000,357143.00000000,0.00393238
867,1,MS,12,1,357143.00000000,357143.00000000,0.00393238
868,1,MS,12,1,357143.00000000,357143.00000000,0.00393238
869,1,MS,12,1,357143.00000000,357143.00000000,0.00393238
870,1,MS,12,1,357143.00000000,357143.00000000,0.00393238
871,1,MS,12,1,357143.00000000,357143.00000000,0.00393238
872,1,MS,12,1,357143.00000000,357143.00000000,0.00393238
873,1,MS,12,1,357143.00000000,357143.00000000,0.00393238
874,1,MS,12,1,357143.00000000,357143.00000000,0.00393238
875,1,MS,12,1,357143.00000000,357143.00000000,0.00393238
876,1,MS,12,1,357143.00000000,357143.00000000,0.00393238
877,1,MS,12,1,357143.00000000,357143.00000000,0.00393238
878,1,MS,12,1,357143.00000000,357143.00000000,0.00393238
879,1,MS,12,1,357143.00000000,357143.00000000,0.00393238
880,1,MS,12,1,357143.00000000,357143.00000000,0.00393238
881,1,MS,12,1,357143.00000000,357143.00000000,0.00393238
882,1,MS,12,1,357143.00000000,357143.00000000,0.00393238
883,1,MS,12,1,357143.00000000,357143.00000000,0.00393238
884,1,MS,12,1,357143.00000000,357143.00000000,0.00393238
885,1,MS,12,1,357143.00000000,357143.00000000,0.00393238
886,1,MS,12,1,357143.00000000,357143.00000000,0.00393238
887,1,MS,12,1,357143.00000000,357143.00000000,0.00393238
888,1,MS,12,1,357143.00000000,357143.00000000,0.00393238
889,1,MS,12,1,357143.00000000,357143.00000000,0.00393238
890,1,MS,12,1,357143.00000000,357143.00000000,0.00393238
891,1,MS,12,1,357143.00000000,357143.00000000,0.00393238
892,1,MS,12,1,357143.00000000,357143.00000000,0.00393238
893,1,MS,12,1,357143.00000000,357143.00000000,0.00393238
894,1,MS,12,1,357143.00000000,357143.00000000,0.00393238
895,1,MS,12,1,357143.00000000,357143.00000000,0.00393238
896,1,MS,12,1,357143.00000000,357143.00000000,0.00393238
897,1,MS,12,1,357143.00000000,357143.00000000,0.00393238
898,1,MS,12,1,357143.00000000,357143.00000000,0.00393238
899,1,MS,12,1,357143.00000000,357143.00000000,0.00393238
900,1,MS,12,1,357143.00000000,357143.00000000,0.00393238
901,1,MS,12,1,357143.00000000,357143.00000000,0.00393238
902,1,MS,12,1,357143.00000000,357143.00000000,0.00393238
903,1,MS,12,1,357143.00000000,357143.00000000,0.00393238
904,1,MS,12,1,357143.00000000,357143.00000000,0.00393238
905,1,MS,12,1,357143.00000000,357143.00000000,0.00393238
906,1,MS,12,1,357143.00000000,357143.00000000,0.00393238
907,1,MS,12,1,357143.00000000,357143.00000000,0.00393238
908,1,MS,12,1,357143.00000000,357143.00000000,0.00393238
909,1,MS,12,1,357143.00000000,357143.00000000,0.00393238
910,1,MS,12,1,357143.00000000,357143.00000000,0.00393238
911,1,MS,12,1,357143.00000000,357143.00000000,0.00393238
912,1,MS,12,1,357143.00000000,357143.00000000,0.00393238
913,1,MS,12,1,357143.00000000,357143.00000000,0.00393238
914,1,MS,12,1,357143.00000000,357143.00000000,0.00393238
915,1,MS,12,1,357143.00000000,357143.00000000,0.00393238
916,1,MS,12,1,357143.00000000,357143.00000000,0.00393238
917,1,MS,12,1,357143.00000000,357143.00000000,0.00393238
918,1,MS,12,1,357143.00000000,357143.00000000,0.00393238
919,1,MS,12,1,357143.00000000,357143.00000000,0.00393238
920,1,MS,12,1,357143.00000000,357143.00000000,0.00393238
921,1,MS,12,1,357143.00000000,357143.00000000,0.00393238
922,1,MS,12,1,357143.00000000,357143.00000000,0.00393238
923,1,MS,12,1,357143.00000000,357143.00000000,0.00393238
924,1,MS,12,1,357143.00000000,357143.00000000,0.00393238
925,1,MS,12,1,357143.00000000,357143.00000000,0.00393238
926,1,MS,12,1,357143.00000000,357143.00000000,0.00393238
927,1,MS,12,1,357143.00000000,357143.00000000,0.00393238
928,1,MS,12,1,357143.00000000,357143.00000000,0.00393238
929,1,MS,12,1,357143.00000000,357143.00000000,0.00393238
930,1,MS,12,1,357143.00000000,357143.00000000,0.00393238
931,1,MS,12,1,357143.00000000,357143.00000000,0.00393238
932,1,MS,12,1,357143.00000000,357143.00000000,0.00393238
933,1,MS,12,1,357143.00000000,357143.00000000,0.00393238
934,1,MS,12,1,357143.00000000,357143.00000000,0.00393238
935,1,MS,12,1,357143.00000000,357143.00000000,0.00393238
936,1,MS,12,1,357143.00000000,357143.00000000,0.00393238
937,1,MS,12,1,357143.00000000,357143.00000000,0.00393238
938,1,MS,12,1,357143.00000000,357143.00000000,0.00393238
939,1,MS,12,1,357143.00000000,357143.00000000,0.00393238
940,1,MS,12,1,357143.00000000,357143.00000000,0.00393238
941,1,MS,12,1,357143.00000000,357143.00000000,0.00393238
942,1,MS,12,1,357143.00000000,357143.00000000,0.00393238
943,1,MS,12,1,357143.00000000,357143.00000000,0.00393238
944,1,MS,12,1,357143.00000000,357143.00000000,0.00393238
945,1,MS,12,1,357143.00000000,357143.00000000,0.00393238
946,1,MS,12,1,357143.00000000,357143.00000000,0.00393238
947,1,MS,12,1,357143.00000000,357143.00000000,0.00393238
948,1,MS,12,1,357143.00000000,357143.00000000,0.00393238
949,1,MS,12,1,357143.00000000,357143.00000000,0.00393238
950,1,MS,12,1,357143.00000000,357143.00000000,0.00393238
951,1,MS,12,1,357143.00000000,357143.00000000,0.00393238
952,1,MS,12,1,357143.00000000,357143.00000000,0.00393238
953,1,MS,12,1,357143.00000000,357143.00000000,0.00393238
954,1,MS,12,1,357143.00000000,357143.00000000,0.00393238
955,1,MS,12,1,357143.00000000,357143.00000000,0.00393238
956,1,MS,12,1,357143.00000000,357143.00000000,0.00393238
957,1,MS,12,1,357143.00000000,357143.00000000,0.00393238
958,1,MS,12,1,357143.00000000,357143.00000000,0.00393238
959,1,MS,12,1,357143.00000000,357143.00000000,0.00393238
960,1,MS,12,1,357143.00000000,357143.00000000,0.00393238
961,1,MS,12,1,357143.00000000,357143.00000000,0.00393238
962,1,MS,12,1,357143.00000000,357143.00000000,0.00393238
963,1,MS,12,1,357143.00000000,357143.00000000,0.00393238
964,1,MS,12,1,357143.00000000,357143.00000000,0.00393238
965,1,MS,12,1,357143.00000000,357143.00000000,0.00393238
966,1,MS,12,1,357143.00000000,357143.00000000,0.00393238
967,1,MS,12,1,357143.00000000,357143.00000000,0.00393238
968,1,MS,12,1,357143.00000000,357143.00000000,0.00393238
969,1,MS,12,1,357143.00000000,357143.00000000,0.00393238
970,1,MS,12,1,357143.00000000,357143.00000000,0.00393238
971,1,MS,12,1,357143.00000000,357143.00000000,0.00393238
972,1,MS,12,1,357143.00000000,357143.00000000,0.00393238
973,1,MS,12,1,357143.00000000,357143.00000000,0.00393238
974,1,MS,12,1,357143.00000000,357143.00000000,0.00393238
975,1,MS,12,1,357143.00000000,357143.00000000,0.00393238
976,1,MS,12,1,357143.00000000,357143.00000000,0.00393238
977,1,MS,12,1,357143.00000000,357143.00000000,0.00393238
978,1,MS,12,1,357143.00000000,357143.00000000,0.00393238
979,1,MS,12,1,357143.00000000,357143.00000000,0.00393238
980,1,MS,12,1,357143.00000000,357143.00000000,0.00393238
981,1,MS,12,1,357143.00000000,357143.00000000,0.00393238
982,1,MS,12,1,357143.00000000,357143.00000000,0.00393238
983,1,MS,12,1,357143.00000000,357143.00000000,0.00393238
984,1,MS,12,1,357143.00000000,357143.00000000,0.00393238
985,1,MS,12,1,357143.00000000,357143.00000000,0.00393238
986,1,MS,12,1,357143.00000000,357143.00000000,0.00393238
987,1,MS,12,1,357143.00000000,357143.00000000,0.00393238
988,1,MS,12,1,357143.00000000,357143.00000000,0.00393238
989,1,MS,12,1,357143.00000000,357143.00000000,0.00393238
990,1,MS,12,1,357143.00000000,357143.00000000,0.00393238
991,1,MS,12,1,357143.00000000,357143.00000000,0.00393238
992,1,MS,12,1,357143.00000000,357143.00000000,0.00393238
993,1,MS,12,1,357143.00000000,357143.00000000,0.00393238
994,1,MS,12,1,357143.00000000,357143.00000000,0.00393238
995,1,MS,12,1,357143.00000000,357143.00000000,0.00393238
996,1,MS,12,1,357143.00000000,357143.00000000,0.00393238
997,1,MS,12,1,357143.00000000,357143.00000000,0.00393238
998,1,MS,12,1,357143.00000000,357143.00000000,0.00393238
999,1,MS,12,1,357143.00000000,357143.00000000,0.00393238
1000,1,MS,12,1,357143.00000000,357143.00000000,0.00393238
1001,1,MS,12,1,357143.00000000,357143.00000000,0.00393238
1002,1,MS,12,1,357143.00000000,357143.00000000,0.00393238
1003,1,MS,12,1,357143.00000000,357143.00000000,0.00393238
1004,1,MS,12,1,357143.00000000,357143.00000000,0.00393238
1005,1,MS,12,1,357143.00000000,357143.00000000,0.00393238
1006,1,MS,12,1,357143.00000000,357143.00000000,0.00393238
1007,1,MS,12,1,357143.00000000,357143.00000000,0.00393238
1008,1,MS,12,1,357143.00000000,357143.00000000,0.00393238
1009,1,MS,12,1,357143.00000000,357143.00000000,0.00393238
1010,1,MS,12,1,357143.00000000,357143.00000000,0.00393238
1011,1,MS,12,1,357143.00000000,357143.00000000,0.00393238
1012,1,MS,12,1,357143.00000000,357143.00000000,0.00393238
1013,1,MS,12,1,357143.00000000,357143.00000000,0.00393238
1014,1,MS,12,1,357143.00000000,357143.00000000,0.00393238
1015,1,MS,12,1,357143.00000000,357143.00000000,0.00393238
1016,1,MS,12,1,357143.00000000,357143.00000000,0.00393238
1017,1,MS,12,1,357143.00000000,357143.00000000,0.00393238
1018,1,MS,12,1,357143.00000000,357143.00000000,0.00393238
1019,1,MS,12,1,357143.00000000,357143.00000000,0.00393238
1020,1,MS,12,1,357143.00000000,357143.00000000,0.00393238
1021,1,MS,12,1,357143.00000000,357143.00000000,0.00393238
1022,1,MS,12,1,357143.00000000,357143.00000000,0.00393238
1023,1,MS,12,1,357143.00000000,357143.00000000,0.00393238
1024,1,MS,12,1,357143.00000000,357143.00000000,0.00393238
1025,1,MS,12,1,357143.00000000,357143.00000000,0.00393238
1026,1,MS,12,1,357143.00000000,357143.00000000,0.00393238
1027,1,MS,12,1,357143.00000000,357143.00000000,0.00393238
1028,1,MS,12,1,357143.00000000,357143.00000000,0.00393238
1029,1,MS,12,1,357143.00000000,357143.00000000,0.00393238
1030,1,MS,12,1,357143.00000000,357143.00000000,0.00393238
1031,1,MS,12,1,357143.00000000,357143.00000000,0.00393238
1032,1,MS,12,1,357143.00000000,357143.00000000,0.00393238
1033,1,MS,12,1,357143.00000000,357143.00000000,0.00393238
1034,1,MS,12,1,357143.00000000,357143.00000000,0.00393238
1035,1,MS,12,1,357143.00000000,357143.00000000,0.00393238
1036,1,MS,12,1,357143.00000000,357143.00000000,0.00393238
1037,1,MS,12,1,357143.00000000,357143.00000000,0.00393238
1038,1,MS,12,1,357143.00000000,357143.00000000,0.00393238
1039,1,MS,12,1,357143.00000000,357143.00000000,0.00393238
1040,1,MS,12,1,357143.00000000,357143.00000000,0.00393238
1041,1,MS,12,1,357143.00000000,357143.00000000,0.00393238
1042,1,MS,12,1,357143.00000000,357143.00000000,0.00393238
1043,1,MS,12,1,357143.00000000,357143.00000000,0.00393238
1044,1,MS,12,1,357143.00000000,357143.00000000,0.00393238
1045,1,MS,12,1,357143.00000000,357143.00000000,0.00393238
1046,1,MS,12,1,357143.00000000,357143.00000000,0.00393238
1047,1,MS,12,1,357143.00000000,357143.00000000,0.00393238
1048,1,MS,12,1,357143.00000000,357143.00000000,0.00393238
1049,1,MS,12,1,357143.00000000,357143.00000000,0.00393238
1050,1,MS,12,1,357143.00000000,357143.00000000,0.00393238
1051,1,MS,12,1,357143.00000000,357143.00000000,0.00393238
1052,1,MS,12,1,357143.00000000,357143.00000000,0.00393238
1053,1,MS,12,1,357143.00000000,357143.00000000,0.00393238
1054,1,MS,12,1,357143.00000000,357143.00000000,0.00393238
1055,1,MS,12,1,357143.00000000,357143.00000000,0.00393238
1056,1,MS,12,1,357143.00000000,357143.00000000,0.00393238
1057,1,MS,12,1,357143.00000000,357143.00000000,0.00393238
1058,1,MS,12,1,357143.00000000,357143.00000000,0.00393238
1059,1,MS,12,1,357143.00000000,357143.00000000,0.00393238
1060,1,MS,12,1,357143.00000000,357143.00000000,0.00393238
1061,1,MS,12,1,357143.00000000,357143.00000000,0.00393238
1062,1,MS,12,1,357143.00000000,357143.00000000,0.00393238
1063,1,MS,12,1,357143.00000000,357143.00000000,0.00393238
1064,1,MS,12,1,357143.00000000,357143.00000000,0.00393238
1065,1,MS,12,1,357143.00000000,357143.00000000,0.00393238
1066,1,MS,12,1,357143.00000000,357143.00000000,0.00393238
1067,1,MS,12,1,357143.00000000,357143.00000000,0.00393238
1068,1,MS,12,1,357143.00000000,357143.00000000,0.00393238
1069,1,MS,12,1,357143.00000000,357143.00000000,0.00393238
1070,1,MS,12,1,357143.00000000,357143.00000000,0.00393238
1071,1,MS,12,1,357143.00000000,357143.00000000,0.00393238
1072,1,MS,12,1,357143.00000000,357143.00000000,0.00393238
1073,1,MS,12,1,357143.00000000,357143.00000000,0.00393238
1074,1,MS,12,1,357143.00000000,357143.00000000,0.00393238
1075,1,MS,12,1,357143.00000000,357143.00000000,0.00393238
1076,1,MS,12,1,357143.00000000,357143.00000000,0.00393238
1077,1,MS,12,1,357143.00000000,357143.00000000,0.00393238
1078,1,MS,12,1,357143.00000000,357143.00000000,0.00393238
1079,1,MS,12,1,357143.00000000,357143.00000000,0.00393238
1080,1,MS,12,1,357143.00000000,357143.00000000,0.00393238
1081,1,MS,12,1,357143.00000000,357143.00000000,0.00393238
1082,1,MS,12,1,357143.00000000,357143.00000000,0.00393238
1083,1,MS,12,1,357143.00000000,357143.00000000,0.00393238
1084,1,MS,12,1,357143.00000000,357143.00000000,0.00393238
1085,1,MS,12,1,357143.00000000,357143.00000000,0.00393238
1086,1,MS,12,1,357143.00000000,357143.00000000,0.00393238
1087,1,MS,12,1,357143.00000000,357143.00000000,0.00393238
1088,1,MS,12,1,357143.00000000,357143.00000000,0.00393238
1089,1,MS,12,1,357143.00000000,357143.00000000,0.00393238
1090,1,MS,12,1,357143.00000000,357143.00000000,0.00393238
1091,1,MS,12,1,357143.00000000,357143.00000000,0.00393238
1092,1,MS,12,1,357143.00000000,357143.00000000,0.00393238
1093,1,MS,12,1,357143.00000000,357143.00000000,0.00393238
1094,1,MS,12,1,357143.00000000,357143.00000000,0.00393238
1095,1,MS,12,1,357143.00000000,357143.00000000,0.00393238
1096,1,MS,12,1,357143.00000000,357143.00000000,0.00393238
1097,1,MS,12,1,357143.00000000,357143.00000000,0.00393238
1098,1,MS,12,1,357143.00000000,357143.00000000,0.00393238
1099,1,MS,12,1,357143.00000000,357143.00000000,0.00393238
1100,1,MS,12,1,357143.00000000,357143.00000000,0.00393238
1101,1,MS,12,1,357143.00000000,357143.00000000,0.00393238
1102,1,MS,12,1,357143.00000000,357143.00000000,0.00393238
1103,1,MS,12,1,357143.00000000,357143.00000000,0.00393238
1104,1,MS,12,1,357143.00000000,357143.00000000,0.00393238
1105,1,MS,12,1,357143.00000000,357143.00000000,0.00393238
1106,1,MS,12,1,357143.00000000,357143.00000000,0.00393238
1107,1,MS,12,1,357143.00000000,357143.00000000,0.00393238
1108,1,MS,12,1,357143.00000000,357143.00000000,0.00393238
1109,1,MS,12,1,357143.00000000,357143.00000000,0.00393238
1110,1,MS,12,1,357143.00000000,357143.00000000,0.00393238
1111,1,MS,12,1,357143.00000000,357143.00000000,0.00393238
1112,1,MS,12,1,357143.00000000,357143.00000000,0.00393238
1113,1,MS,12,1,357143.00000000,357143.00000000,0.00393238
1114,1,MS,12,1,357143.00000000,357143.00000000,0.00393238
1115,1,MS,12,1,357143.00000000,357143.00000000,0.00393238
1116,1,MS,12,1,357143.00000000,357143.00000000,0.00393238
1117,1,MS,12,1,357143.00000000,357143.00000000,0.00393238
1118,1,MS,12,1,357143.00000000,357143.00000000,0.00393238
1119,1,MS,12,1,357143.00000000,357143.00000000,0.00393238
1120,1,MS,12,1,357143.00000000,357143.00000000,0.00393238
1121,1,MS,12,1,357143.00000000,357143.00000000,0.00393238
1122,1,MS,12,1,357143.00000000,357143.00000000,0.00393238
1123,1,MS,12,1,357143.00000000,357143.00000000,0.00393238
1124,1,MS,12,1,357143.00000000,357143.00000000,0.00393238
1125,1,MS,12,1,357143.00000000,357143.00000000,0.00393238
1126,1,MS,12,1,357143.00000000,357143.00000000,0.00393238
1127,1,MS,12,1,357143.00000000,357143.00000000,0.00393238
1128,1,MS,12,1,357143.00000000,357143.00000000,0.00393238
1129,1,MS,12,1,357143.00000000,357143.00000000,0.00393238
1130,1,MS,12,1,357143.00000000,357143.00000000,0.00393238
1131,1,MS,12,1,357143.00000000,357143.00000000,0.00393238
1132,1,MS,12,1,357143.00000000,357143.00000000,0.00393238
1133,1,MS,12,1,357143.00000000,357143.00000000,0.00393238
1134,1,MS,12,1,357143.00000000,357143.00000000,0.00393238
1135,1,MS,12,1,357143.00000000,357143.00000000,0.00393238
1136,1,MS,12,1,357143.00000000,357143.00000000,0.00393238
1137,1,MS,12,1,357143.00000000,357143.00000000,0.00393238
1138,1,MS,12,1,357143.00000000,357143.00000000,0.00393238
1139,1,MS,12,1,357143.00000000,357143.00000000,0.00393238
1140,1,MS,12,1,357143.00000000,357143.00000000,0.00393238
1141,1,MS,12,1,357143.00000000,357143.00000000,0.00393238
1142,1,MS,12,1,357143.00000000,357143.00000000,0.00393238
1143,1,MS,12,1,357143.00000000,357143.00000000,0.00393238
1144,1,MS,12,1,357143.00000000,357143.00000000,0.00393238
1145,1,MS,12,1,357143.00000000,357143.00000000,0.00393238
1146,1,MS,12,1,357143.00000000,357143.00000000,0.00393238
1147,1,MS,12,1,357143.00000000,357143.00000000,0.00393238
1148,1,MS,12,1,357143.00000000,357143.00000000,0.00393238
1149,1,MS,12,1,357143.00000000,357143.00000000,0.00393238
1150,1,MS,12,1,357143.00000000,357143.00000000,0.00393238
1151,1,MS,12,1,357143.00000000,357143.00000000,0.00393238
1152,1,MS,12,1,357143.00000000,357143.00000000,0.00393238
1153,1,MS,12,1,357143.00000000,357143.00000000,0.00393238
1154,1,MS,12,1,357143.00000000,357143.00000000,0.00393238
1155,1,MS,12,1,357143.00000000,357143.00000000,0.00393238
1156,1,MS,12,1,357143.00000000,357143.00000000,0.00393238
1157,1,MS,12,1,357143.00000000,357143.00000000,0.00393238
1158,1,MS,12,1,357143.00000000,357143.00000000,0.00393238
1159,1,MS,12,1,357143.00000000,357143.00000000,0.00393238
1160,1,MS,12,1,357143.00000000,357143.00000000,0.00393238
1161,1,MS,12,1,357143.00000000,357143.00000000,0.00393238
1162,1,MS,12,1,357143.00000000,357143.00000000,0.00393238
1163,1,MS,12,1,357143.00000000,357143.00000000,0.00393238
1164,1,MS,12,1,357143.00000000,357143.00000000,0.00393238
1165,1,MS,12,1,357143.00000000,357143.00000000,0.00393238
1166,1,MS,12,1,357143.00000000,357143.00000000,0.00393238
1167,1,MS,12,1,357143.00000000,357143.00000000,0.00393238
1168,1,MS,12,1,357143.00000000,357143.00000000,0.00393238
1169,1,MS,12,1,357143.00000000,357143.00000000,0.00393238
1170,1,MS,12,1,357143.00000000,357143.00000000,0.00393238
1171,1,MS,12,1,357143.00000000,357143.00000000,0.00393238
1172,1,MS,12,1,357143.00000000,357143.00000000,0.00393238
1173,1,MS,12,1,357143.00000000,357143.00000000,0.00393238
1174,1,MS,12,1,357143.00000000,357143.00000000,0.00393238
1175,1,MS,12,1,357143.00000000,357143.00000000,0.00393238
1176,1,MS,12,1,357143.00000000,357143.00000000,0.00393238
1177,1,MS,12,1,357143.00000000,357143.00000000,0.00393238
1178,1,MS,12,1,357143.00000000,357143.00000000,0.00393238
1179,1,MS,12,1,357143.00000000,357143.00000000,0.00393238
1180,1,MS,12,1,357143.00000000,357143.00000000,0.00393238
1181,1,MS,12,1,357143.00000000,357143.00000000,0.00393238
1182,1,MS,12,1,357143.00000000,357143.00000000,0.00393238
1183,1,MS,12,1,357143.00000000,357143.00000000,0.00393238
1184,1,MS,12,1,357143.00000000,357143.00000000,0.00393238
1185,1,MS,12,1,357143.00000000,357143.00000000,0.00393238
1186,1,MS,12,1,357143.00000000,357143.00000000,0.00393238
1187,1,MS,12,1,357143.00000000,357143.00000000,0.00393238
1188,1,MS,12,1,357143.00000000,357143.00000000,0.00393238
1189,1,MS,12,1,357143.00000000,357143.00000000,0.00393238
1190,1,MS,12,1,357143.00000000,357143.00000000,0.00393238
1191,1,MS,12,1,357143.00000000,357143.00000000,0.00393238
1192,1,MS,12,1,357143.00000000,357143.00000000,0.00393238
1193,1,MS,12,1,357143.00000000,357143.00000000,0.00393238
1194,1,MS,12,1,357143.00000000,357143.00000000,0.00393238
1195,1,MS,12,1,357143.00000000,357143.00000000,0.00393238
1196,1,MS,12,1,357143.00000000,357143.00000000,0.00393238
1197,1,MS,12,1,357143.00000000,357143.00000000,0.00393238
1198,1,MS,12,1,357143.00000000,357143.00000000,0.00393238
1199,1,MS,12,1,357143.00000000,357143.00000000,0.00393238
1200,1,MS,12,1,357143.00000000,357143.00000000,0.00393238
1201,1,MS,12,1,357143.00000000,357143.00000000,0.00393238
1202,1,MS,12,1,357143.00000000,357143.00000000,0.00393238
1203,1,MS,12,1,357143.00000000,357143.00000000,0.00393238
1204,1,MS,12,1,357143.00000000,357143.00000000,0.00393238
1205,1,MS,12,1,357143.00000000,357143.00000000,0.00393238
1206,1,MS,12,1,357143.00000000,357143.00000000,0.00393238
1207,1,MS,12,1,357143.00000000,357143.00000000,0.00393238
1208,1,MS,12,1,357143.00000000,357143.00000000,0.00393238
1209,1,MS,12,1,357143.00000000,357143.00000000,0.00393238
1210,1,MS,12,1,357143.00000000,357143.00000000,0.00393238
1211,1,MS,12,1,357143.00000000,357143.00000000,0.00393238
1212,1,MS,12,1,357143.00000000,357143.00000000,0.00393238
1213,1,MS,12,1,357143.00000000,357143.00000000,0.00393238
1214,1,MS,12,1,357143.00000000,357143.00000000,0.00393238
1215,1,MS,12,1,357143.00000000,357143.00000000,0.00393238
1216,1,MS,12,1,357143.00000000,357143.00000000,0.00393238
1217,1,MS,12,1,357143.00000000,357143.00000000,0.00393238
1218,1,MS,12,1,357143.00000000,357143.00000000,0.00393238
1219,1,MS,12,1,357143.00000000,357143.00000000,0.00393238
1220,1,MS,12,1,357143.00000000,357143.00000000,0.00393238
1221,1,MS,12,1,357143.00000000,357143.00000000,0.00393238
1222,1,MS,12,1,357143.00000000,357143.00000000,0.00393238
1223,1,MS,12,1,357143.00000000,357143.00000000,0.00393238
1224,1,MS,12,1,357143.00000000,357143.00000000,0.00393238
1225,1,MS,12,1,357143.00000000,357143.00000000,0.00393238
1226,1,MS,12,1,357143.00000000,357143.00000000,0.00393238
1227,1,MS,12,1,357143.00000000,357143.00000000,0.00393238
1228,1,MS,12,1,357143.00000000,357143.00000000,0.00393238
1229,1,MS,12,1,357143.00000000,357143.00000000,0.00393238
1230,1,MS,12,1,357143.00000000,357143.00000000,0.00393238
1231,1,MS,12,1,357143.00000000,357143.00000000,0.00393238
1232,1,MS,12,1,357143.00000000,357143.00000000,0.00393238
1233,1,MS,12,1,357143.00000000,357143.00000000,0.00393238
1234,1,MS,12,1,357143.00000000,357143.00000000,0.00393238
1235,1,MS,12,1,357143.00000000,357143.00000000,0.00393238
1236,1,MS,12,1,357143.00000000,357143.00000000,0.00393238
1237,1,MS,12,1,357143.00000000,357143.00000000,0.00393238
1238,1,MS,12,1,357143.00000000,357143.00000000,0.00393238
1239,1,MS,12,1,357143.00000000,357143.00000000,0.00393238
1240,1,MS,12,1,357143.00000000,357143.00000000,0.00393238
1241,1,MS,12,1,357143.00000000,357143.00000000,0.00393238
1242,1,MS,12,1,357143.00000000,357143.00000000,0.00393238
1243,1,MS,12,1,357143.00000000,357143.00000000,0.00393238
1244,1,MS,12,1,357143.00000000,357143.00000000,0.00393238
1245,1,MS,12,1,357143.00000000,357143.00000000,0.00393238
1246,1,MS,12,1,357143.00000000,357143.00000000,0.00393238
1247,1,MS,12,1,357143.00000000,357143.00000000,0.00393238
1248,1,MS,12,1,357143.00000000,357143.00000000,0.00393238
1249,1,MS,12,1,357143.00000000,357143.00000000,0.00393238
1250,1,MS,12,1,357143.00000000,357143.00000000,0.00393238
1251,1,MS,12,1,357143.00000000,357143.00000000,0.00393238
1252,1,MS,12,1,357143.00000000,357143.00000000,0.00393238
1253,1,MS,12,1,357143.00000000,357143.00000000,0.00393238
1254,1,MS,12,1,357143.00000000,357143.00000000,0.00393238
1255,1,MS,12,1,357143.00000000,357143.00000000,0.00393238
1256,1,MS,12,1,357143.00000000,357143.00000000,0.00393238
1257,1,MS,12,1,357143.00000000,357143.00000000,0.00393238
1258,1,MS,12,1,357143.00000000,357143.00000000,0.00393238
1259,1,MS,12,1,357143.00000000,357143.00000000,0.00393238
1260,1,MS,12,1,357143.00000000,357143.00000000,0.00393238
1261,1,MS,12,1,357143.00000000,357143.00000000,0.00393238
1262,1,MS,12,1,357143.00000000,357143.00000000,0.00393238
1263,1,MS,12,1,357143.00000000,357143.00000000,0.00393238
1264,1,MS,12,1,357143.00000000,357143.00000000,0.00393238
1265,1,MS,12,1,357143.00000000,357143.00000000,0.00393238
1266,1,MS,12,1,357143.00000000,357143.00000000,0.00393238
1267,1,MS,12,1,357143.00000000,357143.00000000,0.00393238
1268,1,MS,12,1,357143.00000000,357143.00000000,0.00393238
1269,1,MS,12,1,357143.00000000,357143.00000000,0.00393238
1270,1,MS,12,1,357143.00000000,357143.00000000,0.00393238
1271,1,MS,12,1,357143.00000000,357143.00000000,0.00393238
1272,1,MS,12,1,357143.00000000,357143.00000000,0.00393238
1273,1,MS,12,1,357143.00000000,357143.00000000,0.00393238
1274,1,MS,12,1,357143.00000000,357143.00000000,0.00393238
1275,1,MS,12,1,357143.00000000,357143.00000000,0.00393238
1276,1,MS,12,1,357143.00000000,357143.00000000,0.00393238
1277,1,MS,12,1,357143.00000000,357143.00000000,0.00393238
1278,1,MS,12,1,357143.00000000,357143.00000000,0.00393238
1279,1,MS,12,1,357143.00000000,357143.00000000,0.00393238
1280,1,MS,12,1,357143.00000000,357143.00000000,0.00393238
1281,1,MS,12,1,357143.00000000,357143.00000000,0.00393238
1282,1,MS,12,1,357143.00000000,357143.00000000,0.00393238
1283,1,MS,12,1,357143.00000000,357143.00000000,0.00393238
1284,1,MS,12,1,357143.00000000,357143.00000000,0.00393238
1285,1,MS,12,1,357143.00000000,357143.00000000,0.00393238
1286,1,MS,12,1,357143.00000000,357143.00000000,0.00393238
1287,1,MS,12,1,357143.00000000,357143.00000000,0.00393238
1288,1,MS,12,1,357143.00000000,357143.00000000,0.00393238
1289,1,MS,12,1,357143.00000000,357143.00000000,0.00393238
1290,1,MS,12,1,357143.00000000,357143.00000000,0.00393238
1291,1,MS,12,1,357143.00000000,357143.00000000,0.00393238
1292,1,MS,12,1,357143.00000000,357143.00000000,0.00393238
1293,1,MS,12,1,357143.00000000,357143.00000000,0.00393238
1294,1,MS,12,1,357143.00000000,357143.00000000,0.00393238
1295,1,MS,12,1,357143.00000000,357143.00000000,0.00393238
1296,1,MS,12,1,357143.00000000,357143.00000000,0.00393238
1297,1,MS,12,1,357143.00000000,357143.00000000,0.00393238
1298,1,MS,12,1,357143.00000000,357143.00000000,0.00393238
1299,1,MS,12,1,357143.00000000,357143.00000000,0.00393238
1300,1,MS,12,1,357143.00000000,357143.00000000,0.00393238
1301,1,MS,12,1,357143.00000000,357143.00000000,0.00393238
1302,1,MS,12,1,357143.00000000,357143.00000000,0.00393238
1303,1,MS,12,1,357143.00000000,357143.00000000,0.00393238
1304,1,MS,12,1,357143.00000000,357143.00000000,0.00393238
1305,1,MS,12,1,357143.00000000,357143.00000000,0.00393238
1306,1,MS,12,1,357143.00000000,357143.00000000,0.00393238
1307,1,MS,12,1,357143.00000000,357143.00000000,0.00393238
1308,1,MS,12,1,357143.00000000,357143.00000000,0.00393238
1309,1,MS,12,1,357143.00000000,357143.00000000,0.00393238
1310,1,MS,12,1,357143.00000000,357143.00000000,0.00393238
1311,1,MS,12,1,357143.00000000,357143.00000000,0.00393238
1312,1,MS,12,1,357143.00000000,357143.00000000,0.00393238
1313,1,MS,12,1,357143.00000000,357143.00000000,0.00393238
1314,1,MS,12,1,357143.00000000,357143.00000000,0.00393238
1315,1,MS,12,1,357143.00000000,357143.00000000,0.00393238
1316,1,MS,12,1,357143.00000000,357143.00000000,0.00393238
1317,1,MS,12,1,357143.00000000,357143.00000000,0.00393238
1318,1,MS,12,1,357143.00000000,357143.00000000,0.00393238
1319,1,MS,12,1,357143.00000000,357143.00000000,0.00393238
1320,1,MS,12,1,357143.00000000,357143.00000000,0.00393238
1321,1,MS,12,1,357143.00000000,357143.00000000,0.00393238
1322,1,MS,12,1,357143.00000000,357143.00000000,0.00393238
1323,1,MS,12,1,357143.00000000,357143.00000000,0.00393238
1324,1,MS,12,1,357143.00000000,357143.00000000,0.00393238
1325,1,MS,12,1,357143.00000000,357143.00000000,0.00393238
1326,1,MS,12,1,357143.00000000,357143.00000000,0.00393238
1327,1,MS,12,1,357143.00000000,357143.00000000,0.00393238
1328,1,MS,12,1,357143.00000000,357143.00000000,0.00393238
1329,1,MS,12,1,357143.00000000,357143.00000000,0.00393238
1330,1,MS,12,1,357143.00000000,357143.00000000,0.00393238
1331,1,MS,12,1,357143.00000000,357143.00000000,0.00393238
1332,1,MS,12,1,357143.00000000,357143.00000000,0.00393238
1333,1,MS,12,1,357143.00000000,357143.00000000,0.00393238
1334,1,MS,12,1,357143.00000000,357143.00000000,0.00393238
1335,1,MS,12,1,357143.00000000,357143.00000000,0.00393238
1336,1,MS,12,1,357143.00000000,357143.00000000,0.00393238
1337,1,MS,12,1,357143.00000000,357143.00000000,0.00393238
1338,1,MS,12,1,357143.00000000,357143.00000000,0.00393238
1339,1,MS,12,1,357143.00000000,357143.00000000,0.00393238
1340,1,MS,12,1,357143.00000000,357143.00000000,0.00393238
1341,1,MS,12,1,357143.00000000,357143.00000000,0.00393238
1342,1,MS,12,1,357143.00000000,357143.00000000,0.00393238
1343,1,MS,12,1,357143.00000000,357143.00000000,0.00393238
1344,1,MS,12,1,357143.00000000,357143.00000000,0.00393238
1345,1,MS,12,1,357143.00000000,357143.00000000,0.00393238
1346,1,MS,12,1,357143.00000000,357143.00000000,0.00393238
1347,1,MS,12,1,357143.00000000,357143.00000000,0.00393238
1348,1,MS,12,1,357143.00000000,357143.00000000,0.00393238
1349,1,MS,12,1,357143.00000000,357143.00000000,0.00393238
1350,1,MS,12,1,357143.00000000,357143.00000000,0.00393238
1351,1,MS,12,1,357143.00000000,357143.00000000,0.00393238
1352,1,MS,12,1,357143.00000000,357143.00000000,0.00393238
1353,1,MS,12,1,357143.00000000,357143.00000000,0.00393238
1354,1,MS,12,1,357143.00000000,357143.00000000,0.00393238
1355,1,MS,12,1,357143.00000000,357143.00000000,0.00393238
1356,1,MS,12,1,357143.00000000,357143.00000000,0.00393238
1357,1,MS,12,1,357143.00000000,357143.00000000,0.00393238
1358,1,MS,12,1,357143.00000000,357143.00000000,0.00393238
1359,1,MS,12,1,357143.00000000,357143.00000000,0.00393238
1360,1,MS,12,1,357143.00000000,357143.00000000,0.00393238
1361,1,MS,12,1,357143.00000000,357143.00000000,0.00393238
1362,1,MS,12,1,357143.00000000,357143.00000000,0.00393238
1363,1,MS,12,1,357143.00000000,357143.00000000,0.00393238
1364,1,MS,12,1,357143.00000000,357143.00000000,0.00393238
1365,1,MS,12,1,357143.00000000,357143.00000000,0.00393238
1366,1,MS,12,1,357143.00000000,357143.00000000,0.00393238
1367,1,MS,12,1,357143.00000000,357143.00000000,0.00393238
1368,1,MS,12,1,357143.00000000,357143.00000000,0.00393238
1369,1,MS,12,1,357143.00000000,357143.00000000,0.00393238
1370,1,MS,12,1,357143.00000000,357143.00000000,0.00393238
1371,1,MS,12,1,357143.00000000,357143.00000000,0.00393238
1372,1,MS,12,1,357143.00000000,357143.00000000,0.00393238
1373,1,MS,12,1,357143.00000000,357143.00000000,0.00393238
1374,1,MS,12,1,357143.00000000,357143.00000000,0.00393238
1375,1,MS,12,1,357143.00000000,357143.00000000,0.00393238
1376,1,MS,12,1,357143.00000000,357143.00000000,0.00393238
1377,1,MS,12,1,357143.00000000,357143.00000000,0.00393238
1378,1,MS,12,1,357143.00000000,357143.00000000,0.00393238
1379,1,MS,12,1,357143.00000000,357143.00000000,0.00393238
1380,1,MS,12,1,357143.00000000,357143.00000000,0.00393238
1381,1,MS,12,1,357143.00000000,357143.00000000,0.00393238
1382,1,MS,12,1,357143.00000000,357143.00000000,0.00393238
1383,1,MS,12,1,357143.00000000,357143.00000000,0.00393238
1384,1,MS,12,1,357143.00000000,357143.00000000,0.00393238
1385,1,MS,12,1,357143.00000000,357143.00000000,0.00393238
1386,1,MS,12,1,357143.00000000,357143.00000000,0.00393238
1387,1,MS,12,1,357143.00000000,357143.00000000,0.00393238
1388,1,MS,12,1,357143.00000000,357143.00000000,0.00393238
1389,1,MS,12,1,357143.00000000,357143.00000000,0.00393238
1390,1,MS,12,1,357143.00000000,357143.00000000,0.00393238
1391,1,MS,12,1,357143.00000000,357143.00000000,0.00393238
1392,1,MS,12,1,357143.00000000,357143.00000000,0.00393238
1393,1,MS,12,1,357143.00000000,357143.00000000,0.00393238
1394,1,MS,12,1,357143.00000000,357143.00000000,0.00393238
1395,1,MS,12,1,357143.00000000,357143.00000000,0.00393238
1396,1,MS,12,1,357143.00000000,357143.00000000,0.00393238
1397,1,MS,12,1,357143.00000000,357143.00000000,0.00393238
1398,1,MS,12,1,357143.00000000,357143.00000000,0.00393238
1399,1,MS,12,1,357143.00000000,357143.00000000,0.00393238
1400,1,MS,12,1,357143.00000000,357143.00000000,0.00393238
1401,1,MS,12,1,357143.00000000,357143.00000000,0.00393238
1402,1,MS,12,1,357143.00000000,357143.00000000,0.00393238
1403,1,MS,12,1,357143.00000000,357143.00000000,0.00393238
1404,1,MS,12,1,357143.00000000,357143.00000000,0.00393238
1405,1,MS,12,1,357143.00000000,357143.00000000,0.00393238
1406,1,MS,12,1,357143.00000000,357143.00000000,0.00393238
1407,1,MS,12,1,357143.00000000,357143.00000000,0.00393238
1408,1,MS,12,1,357143.00000000,357143.00000000,0.00393238
1409,1,MS,12,1,357143.00000000,357143.00000000,0.00393238
1410,1,MS,12,1,357143.00000000,357143.00000000,0.00393238
1411,1,MS,12,1,357143.00000000,357143.00000000,0.00393238
1412,1,MS,12,1,357143.00000000,357143.00000000,0.00393238
1413,1,MS,12,1,357143.00000000,357143.00000000,0.00393238
1414,1,MS,12,1,357143.00000000,357143.00000000,0.00393238
1415,1,MS,12,1,357143.00000000,357143.00000000,0.00393238
1416,1,MS,12,1,357143.00000000,357143.00000000,0.00393238
1417,1,MS,12,1,357143.00000000,357143.00000000,0.00393238
1418,1,MS,12,1,357143.00000000,357143.00000000,0.00393238
1419,1,MS,12,1,357143.00000000,357143.00000000,0.00393238
1420,1,MS,12,1,357143.00000000,357143.00000000,0.00393238
1421,1,MS,12,1,357143.00000000,357143.00000000,0.00393238
1422,1,MS,12,1,357143.00000000,357143.00000000,0.00393238
1423,1,MS,12,1,357143.00000000,357143.00000000,0.00393238
1424,1,MS,12,1,357143.00000000,357143.00000000,0.00393238
1425,1,MS,12,1,357143.00000000,357143.00000000,0.00393238
1426,1,MS,12,1,357143.00000000,357143.00000000,0.00393238
1427,1,MS,12,1,357143.00000000,357143.00000000,0.00393238
1428,1,MS,12,1,357143.00000000,357143.00000000,0.00393238
1429,1,MS,12,1,357143.00000000,357143.00000000,0.00393238
1430,1,MS,12,1,357143.00000000,357143.00000000,0.00393238
1431,1,MS,12,1,357143.00000000,357143.00000000,0.00393238
1432,1,MS,12,1,357143.00000000,357143.00000000,0.00393238
1433,1,MS,12,1,357143.00000000,357143.00000000,0.00393238
1434,1,MS,12,1,357143.00000000,357143.00000000,0.00393238
1435,1,MS,12,1,357143.00000000,357143.00000000,0.00393238
1436,1,MS,12,1,357143.00000000,357143.00000000,0.00393238
1437,1,MS,12,1,357143.00000000,357143.00000000,0.00393238
1438,1,MS,12,1,357143.00000000,357143.00000000,0.00393238
1439,1,MS,12,1,357143.00000000,357143.00000000,0.00393238
1440,1,MS,12,1,357143.00000000,357143.00000000,0.00393238
1441,1,MS,12,1,357143.00000000,357143.00000000,0.00393238
1442,1,MS,12,1,357143.00000000,357143.00000000,0.00393238
1443,1,MS,12,1,357143.00000000,357143.00000000,0.00393238
1444,1,MS,12,1,357143.00000000,357143.00000000,0.00393238
1445,1,MS,12,1,357143.00000000,357143.00000000,0.00393238
1446,1,MS,12,1,357143.00000000,357143.00000000,0.00393238
1447,1,MS,12,1,357143.00000000,357143.00000000,0.00393238
1448,1,MS,12,1,357143.00000000,357143.00000000,0.00393238
1449,1,MS,12,1,357143.00000000,357143.00000000,0.00393238
1450,1,MS,12,1,357143.00000000,357143.00000000,0.00393238
1451,1,MS,12,1,357143.00000000,357143.00000000,0.00393238
1452,1,MS,12,1,357143.00000000,357143.00000000,0.00393238
1453,1,MS,12,1,357143.00000000,357143.00000000,0.00393238
1454,1,MS,12,1,357143.00000000,357143.00000000,0.00393238
1455,1,MS,12,1,357143.00000000,357143.00000000,0.00393238
1456,1,MS,12,1,357143.00000000,357143.00000000,0.00393238
1457,1,MS,12,1,357143.00000000,357143.00000000,0.00393238
1458,1,MS,12,1,357143.00000000,357143.00000000,0.00393238
1459,1,MS,12,1,357143.00000000,357143.00000000,0.00393238
1460,1,MS,12,1,357143.00000000,357143.00000000,0.00393238
1461,1,MS,12,1,357143.00000000,357143.00000000,0.00393238
1462,1,MS,12,1,357143.00000000,357143.00000000,0.00393238
1463,1,MS,12,1,357143.00000000,357143.00000000,0.00393238
1464,1,MS,12,1,357143.00000000,357143.00000000,0.00393238
1465,1,MS,12,1,357143.00000000,357143.00000000,0.00393238
1466,1,MS,12,1,357143.00000000,357143.00000000,0.00393238
1467,1,MS,12,1,357143.00000000,357143.00000000,0.00393238
1468,1,MS,12,1,357143.00000000,357143.00000000,0.00393238
1469,1,MS,12,1,357143.00000000,357143.00000000,0.00393238
1470,1,MS,12,1,357143.00000000,357143.00000000,0.00393238
1471,1,MS,12,1,357143.00000000,357143.00000000,0.00393238
1472,1,MS,12,1,357143.00000000,357143.00000000,0.00393238
1473,1,MS,12,1,357143.00000000,357143.00000000,0.00393238
1474,1,MS,12,1,357143.00000000,357143.00000000,0.00393238
1475,1,MS,12,1,357143.00000000,357143.00000000,0.00393238
1476,1,MS,12,1,357143.00000000,357143.00000000,0.00393238
1477,1,MS,12,1,357143.00000000,357143.00000000,0.00393238
1478,1,MS,12,1,357143.00000000,357143.00000000,0.00393238
1479,1,MS,12,1,357143.00000000,357143.00000000,0.00393238
1480,1,MS,12,1,357143.00000000,357143.00000000,0.00393238
1481,1,MS,12,1,357143.00000000,357143.00000000,0.00393238
1482,1,MS,12,1,357143.00000000,357143.00000000,0.00393238
1483,1,MS,12,1,357143.00000000,357143.00000000,0.00393238
1484,1,MS,12,1,357143.00000000,357143.00000000,0.00393238
1485,1,MS,12,1,357143.00000000,357143.00000000,0.00393238
1486,1,MS,12,1,357143.00000000,357143.00000000,0.00393238
1487,1,MS,12,1,357143.00000000,357143.00000000,0.00393238
1488,1,MS,12,1,357143.00000000,357143.00000000,0.00393238
1489,1,MS,12,1,357143.00000000,357143.00000000,0.00393238
1490,1,MS,12,1,357143.00000000,357143.00000000,0.00393238
1491,1,MS,12,1,357143.00000000,357143.00000000,0.00393238
1492,1,MS,12,1,357143.00000000,357143.00000000,0.00393238
1493,1,MS,12,1,357143.00000000,357143.00000000,0.00393238
1494,1,MS,12,1,357143.00000000,357143.00000000,0.00393238
1495,1,MS,12,1,357143.00000000,357143.00000000,0.00393238
1496,1,MS,12,1,357143.00000000,357143.00000000,0.00393238
1497,1,MS,12,1,357143.00000000,357143.00000000,0.00393238
1498,1,MS,12,1,357143.00000000,357143.00000000,0.00393238
1499,1,MS,12,1,357143.00000000,357143.00000000,0.00393238
1500,1,MS,12,1,357143.00000000,357143.00000000,0.00393238
1501,1,MS,12,1,357143.00000000,357143.00000000,0.00393238
1502,1,MS,12,1,357143.00000000,357143.00000000,0.00393238
1503,1,MS,12,1,357143.00000000,357143.00000000,0.00393238
1504,1,MS,12,1,357143.00000000,357143.00000000,0.00393238
1505,1,MS,12,1,357143.00000000,357143.00000000,0.00393238
1506,1,MS,12,1,357143.00000000,357143.00000000,0.00393238
1507,1,MS,12,1,357143.00000000,357143.00000000,0.00393238
1508,1,MS,12,1,357143.00000000,357143.00000000,0.00393238
1509,1,MS,12,1,357143.00000000,357143.00000000,0.00393238
1510,1,MS,12,1,357143.00000000,357143.00000000,0.00393238
1511,1,MS,12,1,357143.00000000,357143.00000000,0.00393238
1512,1,MS,12,1,357143.00000000,357143.00000000,0.00393238
1513,1,MS,12,1,357143.00000000,357143.00000000,0.00393238
1514,1,MS,12,1,357143.00000000,357143.00000000,0.00393238
1515,1,MS,12,1,357143.00000000,357143.00000000,0.00393238
1516,1,MS,12,1,357143.00000000,357143.00000000,0.00393238
1517,1,MS,12,1,357143.00000000,357143.00000000,0.00393238
1518,1,MS,12,1,357143.00000000,357143.00000000,0.00393238
1519,1,MS,12,1,357143.00000000,357143.00000000,0.00393238
1520,1,MS,12,1,357143.00000000,357143.00000000,0.00393238
1521,1,MS,12,1,357143.00000000,357143.00000000,0.00393238
1522,1,MS,12,1,357143.00000000,357143.00000000,0.00393238
1523,1,MS,12,1,357143.00000000,357143.00000000,0.00393238
1524,1,MS,12,1,357143.00000000,357143.00000000,0.00393238
1525,1,MS,12,1,357143.00000000,357143.00000000,0.00393238
1526,1,MS,12,1,357143.00000000,357143.00000000,0.00393238
1527,1,MS,12,1,357143.00000000,357143.00000000,0.00393238
1528,1,MS,12,1,357143.00000000,357143.00000000,0.00393238
1529,1,MS,12,1,357143.00000000,357143.00000000,0.00393238
1530,1,MS,12,1,357143.00000000,357143.00000000,0.00393238
1531,1,MS,12,1,357143.00000000,357143.00000000,0.00393238
1532,1,MS,12,1,357143.00000000,357143.00000000,0.00393238
1533,1,MS,12,1,357143.00000000,357143.00000000,0.00393238
1534,1,MS,12,1,357143.00000000,357143.00000000,0.00393238
1535,1,MS,12,1,357143.00000000,357143.00000000,0.00393238
1536,1,MS,12,1,357143.00000000,357143.00000000,0.00393238
1537,1,MS,12,1,357143.00000000,357143.00000000,0.00393238
1538,1,MS,12,1,357143.00000000,357143.00000000,0.00393238
1539,1,MS,12,1,357143.00000000,357143.00000000,0.00393238
1540,1,MS,12,1,357143.00000000,357143.00000000,0.00393238
1541,1,MS,12,1,357143.00000000,357143.00000000,0.00393238
1542,1,MS,12,1,357143.00000000,357143.00000000,0.00393238
1543,1,MS,12,1,357143.00000000,357143.00000000,0.00393238
1544,1,MS,12,1,357143.00000000,357143.00000000,0.00393238
1545,1,MS,12,1,357143.00000000,357143.00000000,0.00393238
1546,1,MS,12,1,357143.00000000,357143.00000000,0.00393238
1547,1,MS,12,1,357143.00000000,357143.00000000,0.00393238
1548,1,MS,12,1,357143.00000000,357143.00000000,0.00393238
1549,1,MS,12,1,357143.00000000,357143.00000000,0.00393238
1550,1,MS,12,1,357143.00000000,357143.00000000,0.00393238
1551,1,MS,12,1,357143.00000000,357143.00000000,0.00393238
1552,1,MS,12,1,357143.00000000,357143.00000000,0.00393238
1553,1,MS,12,1,357143.00000000,357143.00000000,0.00393238
1554,1,MS,12,1,357143.00000000,357143.00000000,0.00393238
1555,1,MS,12,1,357143.00000000,357143.00000000,0.00393238
1556,1,MS,12,1,357143.00000000,357143.00000000,0.00393238
1557,1,MS,12,1,357143.00000000,357143.00000000,0.00393238
1558,1,MS,12,1,357143.00000000,357143.00000000,0.00393238
1559,1,MS,12,1,357143.00000000,357143.00000000,0.00393238
1560,1,MS,12,1,357143.00000000,357143.00000000,0.00393238
1561,1,MS,12,1,357143.00000000,357143.00000000,0.00393238
1562,1,MS,12,1,357143.00000000,357143.00000000,0.00393238
1563,1,MS,12,1,357143.00000000,357143.00000000,0.00393238
1564,1,MS,12,1,357143.00000000,357143.00000000,0.00393238
1565,1,MS,12,1,357143.00000000,357143.00000000,0.00393238
1566,1,MS,12,1,357143.00000000,357143.00000000,0.00393238
1567,1,MS,12,1,357143.00000000,357143.00000000,0.00393238
1568,1,MS,12,1,357143.00000000,357143.00000000,0.00393238
1569,1,MS,12,1,357143.00000000,357143.00000000,0.00393238
1570,1,MS,12,1,357143.00000000,357143.00000000,0.00393238
1571,1,MS,12,1,357143.00000000,357143.00000000,0.00393238
1572,1,MS,12,1,357143.00000000,357143.00000000,0.00393238
1573,1,MS,12,1,357143.00000000,357143.00000000,0.00393238
1574,1,MS,12,1,357143.00000000,357143.00000000,0.00393238
1575,1,MS,12,1,357143.00000000,357143.00000000,0.00393238
1576,1,MS,12,1,357143.00000000,357143.00000000,0.00393238
1577,1,MS,12,1,357143.00000000,357143.00000000,0.00393238
1578,1,MS,12,1,357143.00000000,357143.00000000,0.00393238
1579,1,MS,12,1,357143.00000000,357143.00000000,0.00393238
1580,1,MS,12,1,357143.00000000,357143.00000000,0.00393238
1581,1,MS,12,1,357143.00000000,357143.00000000,0.00393238
1582,1,MS,12,1,357143.00000000,357143.00000000,0.00393238
1583,1,MS,12,1,357143.00000000,357143.00000000,0.00393238
1584,1,MS,12,1,357143.00000000,357143.00000000,0.00393238
1585,1,MS,12,1,357143.00000000,357143.00000000,0.00393238
1586,1,MS,12,1,357143.00000000,357143.00000000,0.00393238
1587,1,MS,12,1,357143.00000000,357143.00000000,0.00393238
1588,1,MS,12,1,357143.00000000,357143.00000000,0.00393238
1589,1,MS,12,1,357143.00000000,357143.00000000,0.00393238
1590,1,MS,12,1,357143.00000000,357143.00000000,0.00393238
1591,1,MS,12,1,357143.00000000,357143.00000000,0.00393238
1592,1,MS,12,1,357143.00000000,357143.00000000,0.00393238
1593,1,MS,12,1,357143.00000000,357143.00000000,0.00393238
1594,1,MS,12,1,357143.00000000,357143.00000000,0.00393238
1595,1,MS,12,1,357143.00000000,357143.00000000,0.00393238
1596,1,MS,12,1,357143.00000000,357143.00000000,0.00393238
1597,1,MS,12,1,357143.00000000,357143.00000000,0.00393238
1598,1,MS,12,1,357143.00000000,357143.00000000,0.00393238
1599,1,MS,12,1,357143.00000000,357143.00000000,0.00393238
1600,1,MS,12,1,357143.00000000,357143.00000000,0.00393238
1601,1,MS,12,1,357143.00000000,357143.00000000,0.00393238
1602,1,MS,12,1,357143.00000000,357143.00000000,0.00393238
1603,1,MS,12,1,357143.00000000,357143.00000000,0.00393238
1604,1,MS,12,1,357143.00000000,357143.00000000,0.00393238
1605,1,MS,12,1,357143.00000000,357143.00000000,0.00393238
1606,1,MS,12,1,357143.00000000,357143.00000000,0.00393238
1607,1,MS,12,1,357143.00000000,357143.00000000,0.00393238
1608,1,MS,12,1,357143.00000000,357143.00000000,0.00393238
1609,1,MS,12,1,357143.00000000,357143.00000000,0.00393238
1610,1,MS,12,1,357143.00000000,357143.00000000,0.00393238
1611,1,MS,12,1,357143.00000000,357143.00000000,0.00393238
1612,1,MS,12,1,357143.00000000,357143.00000000,0.00393238
1613,1,MS,12,1,357143.00000000,357143.00000000,0.00393238
1614,1,MS,12,1,357143.00000000,357143.00000000,0.00393238
1615,1,MS,12,1,357143.00000000,357143.00000000,0.00393238
1616,1,MS,12,1,357143.00000000,357143.00000000,0.00393238
1617,1,MS,12,1,357143.00000000,357143.00000000,0.00393238
1618,1,MS,12,1,357143.00000000,357143.00000000,0.00393238
1619,1,MS,12,1,357143.00000000,357143.00000000,0.00393238
1620,1,MS,12,1,357143.00000000,357143.00000000,0.00393238
1621,1,MS,12,1,357143.00000000,357143.00000000,0.00393238
1622,1,MS,12,1,357143.00000000,357143.00000000,0.00393238
1623,1,MS,12,1,357143.00000000,357143.00000000,0.00393238
1624,1,MS,12,1,357143.00000000,357143.00000000,0.00393238
1625,1,MS,12,1,357143.00000000,357143.00000000,0.00393238
1626,1,MS,12,1,357143.00000000,357143.00000000,0.00393238
1627,1,MS,12,1,357143.00000000,357143.00000000,0.00393238
1628,1,MS,12,1,357143.00000000,357143.00000000,0.00393238
1629,1,MS,12,1,357143.00000000,357143.00000000,0.00393238
1630,1,MS,12,1,357143.00000000,357143.00000000,0.00393238
1631,1,MS,12,1,357143.00000000,357143.00000000,0.00393238
1632,1,MS,12,1,357143.00000000,357143.00000000,0.00393238
1633,1,MS,12,1,357143.00000000,357143.00000000,0.00393238
1634,1,MS,12,1,357143.00000000,357143.00000000,0.00393238
1635,1,MS,12,1,357143.00000000,357143.00000000,0.00393238
1636,1,MS,12,1,357143.00000000,357143.00000000,0.00393238
1637,1,MS,12,1,357143.00000000,357143.00000000,0.00393238
1638,1,MS,12,1,357143.00000000,357143.00000000,0.00393238
1639,1,MS,12,1,357143.00000000,357143.00000000,0.00393238
1640,1,MS,12,1,357143.00000000,357143.00000000,0.00393238
1641,1,MS,12,1,357143.00000000,357143.00000000,0.00393238
1642,1,MS,12,1,357143.00000000,357143.00000000,0.00393238
1643,1,MS,12,1,357143.00000000,357143.00000000,0.00393238
1644,1,MS,12,1,357143.00000000,357143.00000000,0.00393238
1645,1,MS,12,1,357143.00000000,357143.00000000,0.00393238
1646,1,MS,12,1,357143.00000000,357143.00000000,0.00393238
1647,1,MS,12,1,357143.00000000,357143.00000000,0.00393238
1648,1,MS,12,1,357143.00000000,357143.00000000,0.00393238
1649,1,MS,12,1,357143.00000000,357143.00000000,0.00393238
1650,1,MS,12,1,357143.00000000,357143.00000000,0.00393238
1651,1,MS,12,1,357143.00000000,357143.00000000,0.00393238
1652,1,MS,12,1,357143.00000000,357143.00000000,0.00393238
1653,1,MS,12,1,357143.00000000,357143.00000000,0.00393238
1654,1,MS,12,1,357143.00000000,357143.00000000,0.00393238
1655,1,MS,12,1,357143.00000000,357143.00000000,0.00393238
1656,1,MS,12,1,357143.00000000,357143.00000000,0.00393238
1657,1,MS,12,1,357143.00000000,357143.00000000,0.00393238
1658,1,MS,12,1,357143.00000000,357143.00000000,0.00393238
1659,1,MS,12,1,357143.00000000,357143.00000000,0.00393238
1660,1,MS,12,1,357143.00000000,357143.00000000,0.00393238
1661,1,MS,12,1,357143.00000000,357143.00000000,0.00393238
1662,1,MS,12,1,357143.00000000,357143.00000000,0.00393238
1663,1,MS,12,1,357143.00000000,357143.00000000,0.00393238
1664,1,MS,12,1,357143.00000000,357143.00000000,0.00393238
1665,1,MS,12,1,357143.00000000,357143.00000000,0.00393238
1666,1,MS,12,1,357143.00000000,357143.00000000,0.00393238
1667,1,MS,12,1,357143.00000000,357143.00000000,0.00393238
1668,1,MS,12,1,357143.00000000,357143.00000000,0.00393238
1669,1,MS,12,1,357143.00000000,357143.00000000,0.00393238
