t,plant,axis,water_content,SRWC,water_potential
0,1,MS,80.00000000,80.00000000,-0.03367976
1,1,MS,80.00000000,80.00000000,-0.03367976
2,1,MS,80.00000000,80.00000000,-0.03367976
3,1,MS,80.00000000,80.00000000,-0.03367976
4,1,MS,80.00000000,80.00000000,-0.03367976
5,1,MS,80.00000000,80.00000000,-0.03367976
6,1,MS,80.00000000,80.00000000,-0.03367976
7,1,MS,80.00000000,80.00000000,-0.03367976
8,1,MS,80.00000000,80.00000000,-0.03367976
9,1,MS,80.00000000,80.00000000,-0.03367976
10,1,MS,80.00000000,80.00000000,-0.03367976
11,1,MS,80.00000000,80.00000000,-0.03367976
12,1,MS,80.00000000,80.00000000,-0.03367976
13,1,MS,80.00000000,80.00000000,-0.03367976
14,1,MS,80.00000000,80.00000000,-0.03367976
15,1,MS,80.00000000,80.00000000,-0.03367976
16,1,MS,80.00000000,80.00000000,-0.03367976
17,1,MS,80.00000000,80.00000000,-0.03367976
18,1,MS,80.00000000,80.00000000,-0.03367976
19,1,MS,80.00000000,80.00000000,-0.03367976
20,1,MS,80.00000000,80.00000000,-0.03367976
21,1,MS,80.00000000,80.00000000,-0.03367976
22,1,MS,80.00000000,80.00000000,-0.03367976
23,1,MS,80.00000000,80.00000000,-0.03367976
24,1,MS,80.00000000,80.00000000,-0.03367976
25,1,MS,80.00000000,80.00000000,-0.03367976
26,1,MS,80.00000000,80.00000000,-0.03367976
27,1,MS,80.00000000,80.00000000,-0.03367976
28,1,MS,80.00000000,80.00000000,-0.03367976
29,1,MS,80.00000000,80.00000000,-0.03367976
30,1,MS,80.00000000,80.00000000,-0.03367976
31,1,MS,80.00000000,80.00000000,-0.03367976
32,1,MS,80.00000000,80.00000000,-0.03367976
33,1,MS,80.00000000,80.00000000,-0.03367976
34,1,MS,80.00000000,80.00000000,-0.03367976
35,1,MS,80.00000000,80.00000000,-0.03367976
36,1,MS,80.00000000,80.00000000,-0.03367976
37,1,MS,80.00000000,80.00000000,-0.03367976
38,1,MS,80.00000000,80.00000000,-0.03367976
39,1,MS,80.00000000,80.00000000,-0.03367976
40,1,MS,80.00000000,80.00000000,-0.03367976
41,1,MS,80.00000000,80.00000000,-0.03367976
42,1,MS,80.00000000,80.00000000,-0.03367976
43,1,MS,80.00000000,80.00000000,-0.03367976
44,1,MS,80.00000000,80.00000000,-0.03367976
45,1,MS,80.00000000,80.00000000,-0.03367976
46,1,MS,80.00000000,80.00000000,-0.03367976
47,1,MS,80.00000000,80.00000000,-0.03367976
48,1,MS,80.00000000,80.00000000,-0.03367976
49,1,MS,80.00000000,80.00000000,-0.03367976
50,1,MS,80.00000000,80.00000000,-0.03367976
51,1,MS,80.00000000,80.00000000,-0.03367976
52,1,MS,80.00000000,80.00000000,-0.03367976
53,1,MS,80.00000000,80.00000000,-0.03367976
54,1,MS,80.00000000,80.00000000,-0.03367976
55,1,MS,80.00000000,80.00000000,-0.03367976
56,1,MS,80.00000000,80.00000000,-0.03367976
57,1,MS,80.00000000,80.00000000,-0.03367976
58,1,MS,80.00000000,80.00000000,-0.03367976
59,1,MS,80.00000000,80.00000000,-0.03367976
60,1,MS,80.00000000,80.00000000,-0.03367976
61,1,MS,80.00000000,80.00000000,-0.03367976
62,1,MS,80.00000000,80.00000000,-0.03367976
63,1,MS,80.00000000,80.00000000,-0.03367976
64,1,MS,80.00000000,80.00000000,-0.03367976
65,1,MS,80.00000000,80.00000000,-0.03367976
66,1,MS,80.00000000,80.00000000,-0.03367976
67,1,MS,80.00000000,80.00000000,-0.03367976
68,1,MS,80.00000000,80.00000000,-0.03367976
69,1,MS,80.00000000,80.00000000,-0.03367976
70,1,MS,80.00000000,80.00000000,-0.03367976
71,1,MS,80.00000000,80.00000000,-0.03367976
72,1,MS,80.00000000,80.00000000,-0.03367976
73,1,MS,80.00000000,80.00000000,-0.03367976
74,1,MS,80.00000000,80.00000000,-0.03367976
75,1,MS,80.00000000,80.00000000,-0.03367976
76,1,MS,80.00000000,80.00000000,-0.03367976
77,1,MS,80.00000000,80.00000000,-0.03367976
78,1,MS,80.00000000,80.00000000,-0.03367976
79,1,MS,80.00000000,80.00000000,-0.03367976
80,1,MS,80.00000000,80.00000000,-0.03367976
81,1,MS,80.00000000,80.00000000,-0.03367976
82,1,MS,80.00000000,80.00000000,-0.03367976
83,1,MS,80.00000000,80.00000000,-0.03367976
84,1,MS,80.00000000,80.00000000,-0.03367976
85,1,MS,80.00000000,80.00000000,-0.03367976
86,1,MS,80.00000000,80.00000000,-0.03367976
87,1,MS,80.00000000,80.00000000,-0.03367976
88,1,MS,80.00000000,80.00000000,-0.03367976
89,1,MS,80.00000000,80.00000000,-0.03367976
90,1,MS,80.00000000,80.00000000,-0.03367976
91,1,MS,80.00000000,80.00000000,-0.03367976
92,1,MS,80.00000000,80.00000000,-0.03367976
93,1,MS,80.00000000,80.00000000,-0.03367976
94,1,MS,80.00000000,80.00000000,-0.03367976
95,1,MS,80.00000000,80.00000000,-0.03367976
96,1,MS,80.00000000,80.00000000,-0.03367976
97,1,MS,80.00000000,80.00000000,-0.03367976
98,1,MS,80.00000000,80.00000000,-0.03367976
99,1,MS,80.00000000,80.00000000,-0.03367976
100,1,MS,80.00000000,80.00000000,-0.03367976
101,1,MS,80.00000000,80.00000000,-0.03367976
102,1,MS,80.00000000,80.00000000,-0.03367976
103,1,MS,80.00000000,80.00000000,-0.03367976
104,1,MS,80.00000000,80.00000000,-0.03367976
105,1,MS,80.00000000,80.00000000,-0.03367976
106,1,MS,80.00000000,80.00000000,-0.03367976
107,1,MS,80.00000000,80.00000000,-0.03367976
108,1,MS,80.00000000,80.00000000,-0.03367976
109,1,MS,80.00000000,80.00000000,-0.03367976
110,1,MS,80.00000000,80.00000000,-0.03367976
111,1,MS,80.00000000,80.00000000,-0.03367976
112,1,MS,80.00000000,80.00000000,-0.03367976
113,1,MS,80.00000000,80.00000000,-0.03367976
114,1,MS,80.00000000,80.00000000,-0.03367976
115,1,MS,80.00000000,80.00000000,-0.03367976
116,1,MS,80.00000000,80.00000000,-0.03367976
117,1,MS,80.00000000,80.00000000,-0.03367976
118,1,MS,80.00000000,80.00000000,-0.03367976
119,1,MS,80.00000000,80.00000000,-0.03367976
120,1,MS,80.00000000,80.00000000,-0.03367976
121,1,MS,80.00000000,80.00000000,-0.03367976
122,1,MS,80.00000000,80.00000000,-0.03367976
123,1,MS,80.00000000,80.00000000,-0.03367976
124,1,MS,80.00000000,80.00000000,-0.03367976
125,1,MS,80.00000000,80.00000000,-0.03367976
126,1,MS,80.00000000,80.00000000,-0.03367976
127,1,MS,80.00000000,80.00000000,-0.03367976
128,1,MS,80.00000000,80.00000000,-0.03367976
129,1,MS,80.00000000,80.00000000,-0.03367976
130,1,MS,80.00000000,80.00000000,-0.03367976
131,1,MS,80.00000000,80.00000000,-0.03367976
132,1,MS,80.00000000,80.00000000,-0.03367976
133,1,MS,80.00000000,80.00000000,-0.03367976
134,1,MS,80.00000000,80.00000000,-0.03367976
135,1,MS,80.00000000,80.00000000,-0.03367976
136,1,MS,80.00000000,80.00000000,-0.03367976
137,1,MS,80.00000000,80.00000000,-0.03367976
138,1,MS,80.00000000,80.00000000,-0.03367976
139,1,MS,80.00000000,80.00000000,-0.03367976
140,1,MS,80.00000000,80.00000000,-0.03367976
141,1,MS,80.00000000,80.00000000,-0.03367976
142,1,MS,80.00000000,80.00000000,-0.03367976
143,1,MS,80.00000000,80.00000000,-0.03367976
144,1,MS,80.00000000,80.00000000,-0.03367976
145,1,MS,80.00000000,80.00000000,-0.03367976
146,1,MS,80.00000000,80.00000000,-0.03367976
147,1,MS,80.00000000,80.00000000,-0.03367976
148,1,MS,80.00000000,80.00000000,-0.03367976
149,1,MS,80.00000000,80.00000000,-0.03367976
150,1,MS,80.00000000,80.00000000,-0.03367976
151,1,MS,80.00000000,80.00000000,-0.03367976
152,1,MS,80.00000000,80.00000000,-0.03367976
153,1,MS,80.00000000,80.00000000,-0.03367976
154,1,MS,80.00000000,80.00000000,-0.03367976
155,1,MS,80.00000000,80.00000000,-0.03367976
156,1,MS,80.00000000,80.00000000,-0.03367976
157,1,MS,80.00000000,80.00000000,-0.03367976
158,1,MS,80.00000000,80.00000000,-0.03367976
159,1,MS,80.00000000,80.00000000,-0.03367976
160,1,MS,80.00000000,80.00000000,-0.03367976
161,1,MS,80.00000000,80.00000000,-0.03367976
162,1,MS,80.00000000,80.00000000,-0.03367976
163,1,MS,80.00000000,80.00000000,-0.03367976
164,1,MS,80.00000000,80.00000000,-0.03367976
165,1,MS,80.00000000,80.00000000,-0.03367976
166,1,MS,80.00000000,80.00000000,-0.03367976
167,1,MS,80.00000000,80.00000000,-0.03367976
168,1,MS,80.00000000,80.00000000,-0.03367976
169,1,MS,80.00000000,80.00000000,-0.03367976
170,1,MS,80.00000000,80.00000000,-0.03367976
171,1,MS,80.00000000,80.00000000,-0.03367976
172,1,MS,80.00000000,80.00000000,-0.03367976
173,1,MS,80.00000000,80.00000000,-0.03367976
174,1,MS,80.00000000,80.00000000,-0.03367976
175,1,MS,80.00000000,80.00000000,-0.03367976
176,1,MS,80.00000000,80.00000000,-0.03367976
177,1,MS,80.00000000,80.00000000,-0.03367976
178,1,MS,80.00000000,80.00000000,-0.03367976
179,1,MS,80.00000000,80.00000000,-0.03367976
180,1,MS,80.00000000,80.00000000,-0.03367976
181,1,MS,80.00000000,80.00000000,-0.03367976
182,1,MS,80.00000000,80.00000000,-0.03367976
183,1,MS,80.00000000,80.00000000,-0.03367976
184,1,MS,80.00000000,80.00000000,-0.03367976
185,1,MS,80.00000000,80.00000000,-0.03367976
186,1,MS,80.00000000,80.00000000,-0.03367976
187,1,MS,80.00000000,80.00000000,-0.03367976
188,1,MS,80.00000000,80.00000000,-0.03367976
189,1,MS,80.00000000,80.00000000,-0.03367976
190,1,MS,80.00000000,80.00000000,-0.03367976
191,1,MS,80.00000000,80.00000000,-0.03367976
192,1,MS,80.00000000,80.00000000,-0.03367976
193,1,MS,80.00000000,80.00000000,-0.03367976
194,1,MS,80.00000000,80.00000000,-0.03367976
195,1,MS,80.00000000,80.00000000,-0.03367976
196,1,MS,80.00000000,80.00000000,-0.03367976
197,1,MS,80.00000000,80.00000000,-0.03367976
198,1,MS,80.00000000,80.00000000,-0.03367976
199,1,MS,80.00000000,80.00000000,-0.03367976
200,1,MS,80.00000000,80.00000000,-0.03367976
201,1,MS,80.00000000,80.00000000,-0.03367976
202,1,MS,80.00000000,80.00000000,-0.03367976
203,1,MS,80.00000000,80.00000000,-0.03367976
204,1,MS,80.00000000,80.00000000,-0.03367976
205,1,MS,80.00000000,80.00000000,-0.03367976
206,1,MS,80.00000000,80.00000000,-0.03367976
207,1,MS,80.00000000,80.00000000,-0.03367976
208,1,MS,80.00000000,80.00000000,-0.03367976
209,1,MS,80.00000000,80.00000000,-0.03367976
210,1,MS,80.00000000,80.00000000,-0.03367976
211,1,MS,80.00000000,80.00000000,-0.03367976
212,1,MS,80.00000000,80.00000000,-0.03367976
213,1,MS,80.00000000,80.00000000,-0.03367976
214,1,MS,80.00000000,80.00000000,-0.03367976
215,1,MS,80.00000000,80.00000000,-0.03367976
216,1,MS,80.00000000,80.00000000,-0.03367976
217,1,MS,80.00000000,80.00000000,-0.03367976
218,1,MS,80.00000000,80.00000000,-0.03367976
219,1,MS,80.00000000,80.00000000,-0.03367976
220,1,MS,80.00000000,80.00000000,-0.03367976
221,1,MS,80.00000000,80.00000000,-0.03367976
222,1,MS,80.00000000,80.00000000,-0.03367976
223,1,MS,80.00000000,80.00000000,-0.03367976
224,1,MS,80.00000000,80.00000000,-0.03367976
225,1,MS,80.00000000,80.00000000,-0.03367976
226,1,MS,80.00000000,80.00000000,-0.03367976
227,1,MS,80.00000000,80.00000000,-0.03367976
228,1,MS,80.00000000,80.00000000,-0.03367976
229,1,MS,80.00000000,80.00000000,-0.03367976
230,1,MS,80.00000000,80.00000000,-0.03367976
231,1,MS,80.00000000,80.00000000,-0.03367976
232,1,MS,80.00000000,80.00000000,-0.03367976
233,1,MS,80.00000000,80.00000000,-0.03367976
234,1,MS,80.00000000,80.00000000,-0.03367976
235,1,MS,80.00000000,80.00000000,-0.03367976
236,1,MS,80.00000000,80.00000000,-0.03367976
237,1,MS,80.00000000,80.00000000,-0.03367976
238,1,MS,80.00000000,80.00000000,-0.03367976
239,1,MS,80.00000000,80.00000000,-0.03367976
240,1,MS,80.00000000,80.00000000,-0.03367976
241,1,MS,80.00000000,80.00000000,-0.03367976
242,1,MS,80.00000000,80.00000000,-0.03367976
243,1,MS,80.00000000,80.00000000,-0.03367976
244,1,MS,80.00000000,80.00000000,-0.03367976
245,1,MS,80.00000000,80.00000000,-0.03367976
246,1,MS,80.00000000,80.00000000,-0.03367976
247,1,MS,80.00000000,80.00000000,-0.03367976
248,1,MS,80.00000000,80.00000000,-0.03367976
249,1,MS,80.00000000,80.00000000,-0.03367976
250,1,MS,80.00000000,80.00000000,-0.03367976
251,1,MS,80.00000000,80.00000000,-0.03367976
252,1,MS,80.00000000,80.00000000,-0.03367976
253,1,MS,80.00000000,80.00000000,-0.03367976
254,1,MS,80.00000000,80.00000000,-0.03367976
255,1,MS,80.00000000,80.00000000,-0.03367976
256,1,MS,80.00000000,80.00000000,-0.03367976
257,1,MS,80.00000000,80.00000000,-0.03367976
258,1,MS,80.00000000,80.00000000,-0.03367976
259,1,MS,80.00000000,80.00000000,-0.03367976
260,1,MS,80.00000000,80.00000000,-0.03367976
261,1,MS,80.00000000,80.00000000,-0.03367976
262,1,MS,80.00000000,80.00000000,-0.03367976
263,1,MS,80.00000000,80.00000000,-0.03367976
264,1,MS,80.00000000,80.00000000,-0.03367976
265,1,MS,80.00000000,80.00000000,-0.03367976
266,1,MS,80.00000000,80.00000000,-0.03367976
267,1,MS,80.00000000,80.00000000,-0.03367976
268,1,MS,80.00000000,80.00000000,-0.03367976
269,1,MS,80.00000000,80.00000000,-0.03367976
270,1,MS,80.00000000,80.00000000,-0.03367976
271,1,MS,80.00000000,80.00000000,-0.03367976
272,1,MS,80.00000000,80.00000000,-0.03367976
273,1,MS,80.00000000,80.00000000,-0.03367976
274,1,MS,80.00000000,80.00000000,-0.03367976
275,1,MS,80.00000000,80.00000000,-0.03367976
276,1,MS,80.00000000,80.00000000,-0.03367976
277,1,MS,80.00000000,80.00000000,-0.03367976
278,1,MS,80.00000000,80.00000000,-0.03367976
279,1,MS,80.00000000,80.00000000,-0.03367976
280,1,MS,80.00000000,80.00000000,-0.03367976
281,1,MS,80.00000000,80.00000000,-0.03367976
282,1,MS,80.00000000,80.00000000,-0.03367976
283,1,MS,80.00000000,80.00000000,-0.03367976
284,1,MS,80.00000000,80.00000000,-0.03367976
285,1,MS,80.00000000,80.00000000,-0.03367976
286,1,MS,80.00000000,80.00000000,-0.03367976
287,1,MS,80.00000000,80.00000000,-0.03367976
288,1,MS,80.00000000,80.00000000,-0.03367976
289,1,MS,80.00000000,80.00000000,-0.03367976
290,1,MS,80.00000000,80.00000000,-0.03367976
291,1,MS,80.00000000,80.00000000,-0.03367976
292,1,MS,80.00000000,80.00000000,-0.03367976
293,1,MS,80.00000000,80.00000000,-0.03367976
294,1,MS,80.00000000,80.00000000,-0.03367976
295,1,MS,80.00000000,80.00000000,-0.03367976
296,1,MS,80.00000000,80.00000000,-0.03367976
297,1,MS,80.00000000,80.00000000,-0.03367976
298,1,MS,80.00000000,80.00000000,-0.03367976
299,1,MS,80.00000000,80.00000000,-0.03367976
300,1,MS,80.00000000,80.00000000,-0.03367976
301,1,MS,80.00000000,80.00000000,-0.03367976
302,1,MS,80.00000000,80.00000000,-0.03367976
303,1,MS,80.00000000,80.00000000,-0.03367976
304,1,MS,80.00000000,80.00000000,-0.03367976
305,1,MS,80.00000000,80.00000000,-0.03367976
306,1,MS,80.00000000,80.00000000,-0.03367976
307,1,MS,80.00000000,80.00000000,-0.03367976
308,1,MS,80.00000000,80.00000000,-0.03367976
309,1,MS,80.00000000,80.00000000,-0.03367976
310,1,MS,80.00000000,80.00000000,-0.03367976
311,1,MS,80.00000000,80.00000000,-0.03367976
312,1,MS,80.00000000,80.00000000,-0.03367976
313,1,MS,80.00000000,80.00000000,-0.03367976
314,1,MS,80.00000000,80.00000000,-0.03367976
315,1,MS,80.00000000,80.00000000,-0.03367976
316,1,MS,80.00000000,80.00000000,-0.03367976
317,1,MS,80.00000000,80.00000000,-0.03367976
318,1,MS,80.00000000,80.00000000,-0.03367976
319,1,MS,80.00000000,80.00000000,-0.03367976
320,1,MS,80.00000000,80.00000000,-0.03367976
321,1,MS,80.00000000,80.00000000,-0.03367976
322,1,MS,80.00000000,80.00000000,-0.03367976
323,1,MS,80.00000000,80.00000000,-0.03367976
324,1,MS,80.00000000,80.00000000,-0.03367976
325,1,MS,80.00000000,80.00000000,-0.03367976
326,1,MS,80.00000000,80.00000000,-0.03367976
327,1,MS,80.00000000,80.00000000,-0.03367976
328,1,MS,80.00000000,80.00000000,-0.03367976
329,1,MS,80.00000000,80.00000000,-0.03367976
330,1,MS,80.00000000,80.00000000,-0.03367976
331,1,MS,80.00000000,80.00000000,-0.03367976
332,1,MS,80.00000000,80.00000000,-0.03367976
333,1,MS,80.00000000,80.00000000,-0.03367976
334,1,MS,80.00000000,80.00000000,-0.03367976
335,1,MS,80.00000000,80.00000000,-0.03367976
336,1,MS,80.00000000,80.00000000,-0.03367976
337,1,MS,80.00000000,80.00000000,-0.03367976
338,1,MS,80.00000000,80.00000000,-0.03367976
339,1,MS,80.00000000,80.00000000,-0.03367976
340,1,MS,80.00000000,80.00000000,-0.03367976
341,1,MS,80.00000000,80.00000000,-0.03367976
342,1,MS,80.00000000,80.00000000,-0.03367976
343,1,MS,80.00000000,80.00000000,-0.03367976
344,1,MS,80.00000000,80.00000000,-0.03367976
345,1,MS,80.00000000,80.00000000,-0.03367976
346,1,MS,80.00000000,80.00000000,-0.03367976
347,1,MS,80.00000000,80.00000000,-0.03367976
348,1,MS,80.00000000,80.00000000,-0.03367976
349,1,MS,80.00000000,80.00000000,-0.03367976
350,1,MS,80.00000000,80.00000000,-0.03367976
351,1,MS,80.00000000,80.00000000,-0.03367976
352,1,MS,80.00000000,80.00000000,-0.03367976
353,1,MS,80.00000000,80.00000000,-0.03367976
354,1,MS,80.00000000,80.00000000,-0.03367976
355,1,MS,80.00000000,80.00000000,-0.03367976
356,1,MS,80.00000000,80.00000000,-0.03367976
357,1,MS,80.00000000,80.00000000,-0.03367976
358,1,MS,80.00000000,80.00000000,-0.03367976
359,1,MS,80.00000000,80.00000000,-0.03367976
360,1,MS,80.00000000,80.00000000,-0.03367976
361,1,MS,80.00000000,80.00000000,-0.03367976
362,1,MS,80.00000000,80.00000000,-0.03367976
363,1,MS,80.00000000,80.00000000,-0.03367976
364,1,MS,80.00000000,80.00000000,-0.03367976
365,1,MS,80.00000000,80.00000000,-0.03367976
366,1,MS,80.00000000,80.00000000,-0.03367976
367,1,MS,80.00000000,80.00000000,-0.03367976
368,1,MS,80.00000000,80.00000000,-0.03367976
369,1,MS,80.00000000,80.00000000,-0.03367976
370,1,MS,80.00000000,80.00000000,-0.03367976
371,1,MS,80.00000000,80.00000000,-0.03367976
372,1,MS,80.00000000,80.00000000,-0.03367976
373,1,MS,80.00000000,80.00000000,-0.03367976
374,1,MS,80.00000000,80.00000000,-0.03367976
375,1,MS,80.00000000,80.00000000,-0.03367976
376,1,MS,80.00000000,80.00000000,-0.03367976
377,1,MS,80.00000000,80.00000000,-0.03367976
378,1,MS,80.00000000,80.00000000,-0.03367976
379,1,MS,80.00000000,80.00000000,-0.03367976
380,1,MS,80.00000000,80.00000000,-0.03367976
381,1,MS,80.00000000,80.00000000,-0.03367976
382,1,MS,80.00000000,80.00000000,-0.03367976
383,1,MS,80.00000000,80.00000000,-0.03367976
384,1,MS,80.00000000,80.00000000,-0.03367976
385,1,MS,80.00000000,80.00000000,-0.03367976
386,1,MS,80.00000000,80.00000000,-0.03367976
387,1,MS,80.00000000,80.00000000,-0.03367976
388,1,MS,80.00000000,80.00000000,-0.03367976
389,1,MS,80.00000000,80.00000000,-0.03367976
390,1,MS,80.00000000,80.00000000,-0.03367976
391,1,MS,80.00000000,80.00000000,-0.03367976
392,1,MS,80.00000000,80.00000000,-0.03367976
393,1,MS,80.00000000,80.00000000,-0.03367976
394,1,MS,80.00000000,80.00000000,-0.03367976
395,1,MS,80.00000000,80.00000000,-0.03367976
396,1,MS,80.00000000,80.00000000,-0.03367976
397,1,MS,80.00000000,80.00000000,-0.03367976
398,1,MS,80.00000000,80.00000000,-0.03367976
399,1,MS,80.00000000,80.00000000,-0.03367976
400,1,MS,80.00000000,80.00000000,-0.03367976
401,1,MS,80.00000000,80.00000000,-0.03367976
402,1,MS,80.00000000,80.00000000,-0.03367976
403,1,MS,80.00000000,80.00000000,-0.03367976
404,1,MS,80.00000000,80.00000000,-0.03367976
405,1,MS,80.00000000,80.00000000,-0.03367976
406,1,MS,80.00000000,80.00000000,-0.03367976
407,1,MS,80.00000000,80.00000000,-0.03367976
408,1,MS,80.00000000,80.00000000,-0.03367976
409,1,MS,80.00000000,80.00000000,-0.03367976
410,1,MS,80.00000000,80.00000000,-0.03367976
411,1,MS,80.00000000,80.00000000,-0.03367976
412,1,MS,80.00000000,80.00000000,-0.03367976
413,1,MS,80.00000000,80.00000000,-0.03367976
414,1,MS,80.00000000,80.00000000,-0.03367976
415,1,MS,80.00000000,80.00000000,-0.03367976
416,1,MS,80.00000000,80.00000000,-0.03367976
417,1,MS,80.00000000,80.00000000,-0.03367976
418,1,MS,80.00000000,80.00000000,-0.03367976
419,1,MS,80.00000000,80.00000000,-0.03367976
420,1,MS,80.00000000,80.00000000,-0.03367976
421,1,MS,80.00000000,80.00000000,-0.03367976
422,1,MS,80.00000000,80.00000000,-0.03367976
423,1,MS,80.00000000,80.00000000,-0.03367976
424,1,MS,80.00000000,80.00000000,-0.03367976
425,1,MS,80.00000000,80.00000000,-0.03367976
426,1,MS,80.00000000,80.00000000,-0.03367976
427,1,MS,80.00000000,80.00000000,-0.03367976
428,1,MS,80.00000000,80.00000000,-0.03367976
429,1,MS,80.00000000,80.00000000,-0.03367976
430,1,MS,80.00000000,80.00000000,-0.03367976
431,1,MS,80.00000000,80.00000000,-0.03367976
432,1,MS,80.00000000,80.00000000,-0.03367976
433,1,MS,80.00000000,80.00000000,-0.03367976
434,1,MS,80.00000000,80.00000000,-0.03367976
435,1,MS,80.00000000,80.00000000,-0.03367976
436,1,MS,80.00000000,80.00000000,-0.03367976
437,1,MS,80.00000000,80.00000000,-0.03367976
438,1,MS,80.00000000,80.00000000,-0.03367976
439,1,MS,80.00000000,80.00000000,-0.03367976
440,1,MS,80.00000000,80.00000000,-0.03367976
441,1,MS,80.00000000,80.00000000,-0.03367976
442,1,MS,80.00000000,80.00000000,-0.03367976
443,1,MS,80.00000000,80.00000000,-0.03367976
444,1,MS,80.00000000,80.00000000,-0.03367976
445,1,MS,80.00000000,80.00000000,-0.03367976
446,1,MS,80.00000000,80.00000000,-0.03367976
447,1,MS,80.00000000,80.00000000,-0.03367976
448,1,MS,80.00000000,80.00000000,-0.03367976
449,1,MS,80.00000000,80.00000000,-0.03367976
450,1,MS,80.00000000,80.00000000,-0.03367976
451,1,MS,80.00000000,80.00000000,-0.03367976
452,1,MS,80.00000000,80.00000000,-0.03367976
453,1,MS,80.00000000,80.00000000,-0.03367976
454,1,MS,80.00000000,80.00000000,-0.03367976
455,1,MS,80.00000000,80.00000000,-0.03367976
456,1,MS,80.00000000,80.00000000,-0.03367976
457,1,MS,80.00000000,80.00000000,-0.03367976
458,1,MS,80.00000000,80.00000000,-0.03367976
459,1,MS,80.00000000,80.00000000,-0.03367976
460,1,MS,80.00000000,80.00000000,-0.03367976
461,1,MS,80.00000000,80.00000000,-0.03367976
462,1,MS,80.00000000,80.00000000,-0.03367976
463,1,MS,80.00000000,80.00000000,-0.03367976
464,1,MS,80.00000000,80.00000000,-0.03367976
465,1,MS,80.00000000,80.00000000,-0.03367976
466,1,MS,80.00000000,80.00000000,-0.03367976
467,1,MS,80.00000000,80.00000000,-0.03367976
468,1,MS,80.00000000,80.00000000,-0.03367976
469,1,MS,80.00000000,80.00000000,-0.03367976
470,1,MS,80.00000000,80.00000000,-0.03367976
471,1,MS,80.00000000,80.00000000,-0.03367976
472,1,MS,80.00000000,80.00000000,-0.03367976
473,1,MS,80.00000000,80.00000000,-0.03367976
474,1,MS,80.00000000,80.00000000,-0.03367976
475,1,MS,80.00000000,80.00000000,-0.03367976
476,1,MS,80.00000000,80.00000000,-0.03367976
477,1,MS,80.00000000,80.00000000,-0.03367976
478,1,MS,80.00000000,80.00000000,-0.03367976
479,1,MS,80.00000000,80.00000000,-0.03367976
480,1,MS,80.00000000,80.00000000,-0.03367976
481,1,MS,80.00000000,80.00000000,-0.03367976
482,1,MS,80.00000000,80.00000000,-0.03367976
483,1,MS,80.00000000,80.00000000,-0.03367976
484,1,MS,80.00000000,80.00000000,-0.03367976
485,1,MS,80.00000000,80.00000000,-0.03367976
486,1,MS,80.00000000,80.00000000,-0.03367976
487,1,MS,80.00000000,80.00000000,-0.03367976
488,1,MS,79.97700755,79.97700755,-0.03372076
489,1,MS,79.96121383,79.96121383,-0.03374894
490,1,MS,79.94540737,79.94540737,-0.03377718
491,1,MS,79.92956543,79.92956543,-0.03380550
492,1,MS,79.91369957,79.91369957,-0.03383389
493,1,MS,79.89785908,79.89785908,-0.03386225
494,1,MS,79.88181818,79.88181818,-0.03389100
495,1,MS,79.86584528,79.86584528,-0.03391965
496,1,MS,79.84996887,79.84996887,-0.03394815
497,1,MS,79.83386927,79.83386927,-0.03397708
498,1,MS,79.81778382,79.81778382,-0.03400601
499,1,MS,79.80098079,79.80098079,-0.03403625
500,1,MS,79.75316503,79.75316503,-0.03412246
501,1,MS,79.68923576,79.68923576,-0.03423806
502,1,MS,79.56998435,79.56998435,-0.03445475
503,1,MS,79.41367645,79.41367645,-0.03474085
504,1,MS,79.24039533,79.24039533,-0.03506080
505,1,MS,79.03528325,79.03528325,-0.03544333
506,1,MS,78.78788929,78.78788929,-0.03591027
507,1,MS,78.58678100,78.58678100,-0.03629437
508,1,MS,78.41523454,78.41523454,-0.03662527
509,1,MS,78.28461911,78.28461911,-0.03687923
510,1,MS,78.21751833,78.21751833,-0.03701038
511,1,MS,78.17774908,78.17774908,-0.03708833
512,1,MS,78.15399528,78.15399528,-0.03713497
513,1,MS,78.13764340,78.13764340,-0.03716711
514,1,MS,78.12133850,78.12133850,-0.03719918
515,1,MS,78.10497126,78.10497126,-0.03723141
516,1,MS,78.08868226,78.08868226,-0.03726350
517,1,MS,78.07236491,78.07236491,-0.03729569
518,1,MS,78.05600796,78.05600796,-0.03732797
519,1,MS,78.03967509,78.03967509,-0.03736024
520,1,MS,78.02333165,78.02333165,-0.03739256
521,1,MS,78.00696961,78.00696961,-0.03742494
522,1,MS,77.99061267,77.99061267,-0.03745734
523,1,MS,77.97351623,77.97351623,-0.03749124
524,1,MS,77.92498198,77.92498198,-0.03758762
525,1,MS,77.85999307,77.85999307,-0.03771708
526,1,MS,77.73883269,77.73883269,-0.03795962
527,1,MS,77.58009702,77.58009702,-0.03827974
528,1,MS,77.40412839,77.40412839,-0.03863777
529,1,MS,77.19594451,77.19594451,-0.03906567
530,1,MS,76.94497476,76.94497476,-0.03958782
531,1,MS,76.74072189,76.74072189,-0.04001793
532,1,MS,76.56640174,76.56640174,-0.04038869
533,1,MS,76.43362728,76.43362728,-0.04067339
534,1,MS,76.36519134,76.36519134,-0.04082092
535,1,MS,76.32467267,76.32467267,-0.04090852
536,1,MS,76.30022590,76.30022590,-0.04096146
537,1,MS,76.28344092,76.28344092,-0.04099785
538,1,MS,76.26669609,76.26669609,-0.04103419
539,1,MS,76.24997317,76.24997317,-0.04107051
540,1,MS,76.23318528,76.23318528,-0.04110700
541,1,MS,76.21640944,76.21640944,-0.04114350
542,1,MS,76.19963541,76.19963541,-0.04118003
543,1,MS,76.18285004,76.18285004,-0.04121661
544,1,MS,76.16601114,76.16601114,-0.04125335
545,1,MS,76.14915521,76.14915521,-0.04129015
546,1,MS,76.13225201,76.13225201,-0.04132709
547,1,MS,76.11459721,76.11459721,-0.04136571
548,1,MS,76.06495720,76.06495720,-0.04147449
549,1,MS,75.99865386,75.99865386,-0.04162022
550,1,MS,75.87532038,75.87532038,-0.04189268
551,1,MS,75.71391610,75.71391610,-0.04225193
552,1,MS,75.53501642,75.53501642,-0.04265373
553,1,MS,75.32345287,75.32345287,-0.04313382
554,1,MS,75.06864403,75.06864403,-0.04371922
555,1,MS,74.86130680,74.86130680,-0.04420142
556,1,MS,74.68380368,74.68380368,-0.04461846
557,1,MS,74.54851259,74.54851259,-0.04493896
558,1,MS,74.47862490,74.47862490,-0.04510542
559,1,MS,74.43704295,74.43704295,-0.04520476
560,1,MS,74.41185302,74.41185302,-0.04526504
561,1,MS,74.39453304,74.39453304,-0.04530654
562,1,MS,74.37725010,74.37725010,-0.04534798
563,1,MS,74.35995744,74.35995744,-0.04538949
564,1,MS,74.34260193,74.34260193,-0.04543118
565,1,MS,74.32525200,74.32525200,-0.04547290
566,1,MS,74.30789025,74.30789025,-0.04551469
567,1,MS,74.29051425,74.29051425,-0.04555655
568,1,MS,74.27312481,74.27312481,-0.04559848
569,1,MS,74.25567896,74.25567896,-0.04564058
570,1,MS,74.23821401,74.23821401,-0.04568278
571,1,MS,74.21998328,74.21998328,-0.04572686
572,1,MS,74.16908130,74.16908130,-0.04585016
573,1,MS,74.10125719,74.10125719,-0.04601498
574,1,MS,73.97544157,73.97544157,-0.04632228
575,1,MS,73.81095419,73.81095419,-0.04672715
576,1,MS,73.62867754,73.62867754,-0.04717993
577,1,MS,73.41358973,73.41358973,-0.04771986
578,1,MS,73.15320544,73.15320544,-0.04838177
579,1,MS,72.94097196,72.94097196,-0.04892807
580,1,MS,72.75947283,72.75947283,-0.04940014
581,1,MS,72.61788135,72.61788135,-0.04977158
582,1,MS,72.54505822,72.54505822,-0.04996370
583,1,MS,72.50196609,72.50196609,-0.05007774
584,1,MS,72.47600048,72.47600048,-0.05014658
585,1,MS,72.45818802,72.45818802,-0.05019386
586,1,MS,72.44215132,72.44215132,-0.05023646
587,1,MS,72.42427234,72.42427234,-0.05028400
588,1,MS,72.40637909,72.40637909,-0.05033162
589,1,MS,72.38847500,72.38847500,-0.05037932
590,1,MS,72.37052402,72.37052402,-0.05042719
591,1,MS,72.35255678,72.35255678,-0.05047514
592,1,MS,72.33457541,72.33457541,-0.05052318
593,1,MS,72.31657016,72.31657016,-0.05057133
594,1,MS,72.29854522,72.29854522,-0.05061958
595,1,MS,72.27971839,72.27971839,-0.05067002
596,1,MS,72.22671303,72.22671303,-0.05081231
597,1,MS,72.15595811,72.15595811,-0.05100287
598,1,MS,72.02395232,72.02395232,-0.05136031
599,1,MS,71.85087355,71.85087355,-0.05183275
600,1,MS,71.65893700,71.65893700,-0.05236176
601,1,MS,71.43155715,71.43155715,-0.05299544
602,1,MS,71.15723641,71.15723641,-0.05377016
603,1,MS,70.93398108,70.93398108,-0.05440902
604,1,MS,70.74322807,70.74322807,-0.05496088
605,1,MS,70.59827704,70.59827704,-0.05538397
606,1,MS,70.52349619,70.52349619,-0.05560352
607,1,MS,70.47907717,70.47907717,-0.05573434
608,1,MS,70.45211486,70.45211486,-0.05581389
609,1,MS,70.43363053,70.43363053,-0.05586850
610,1,MS,70.41512251,70.41512251,-0.05592323
611,1,MS,70.39659212,70.39659212,-0.05597808
612,1,MS,70.37804058,70.37804058,-0.05603305
613,1,MS,70.35946655,70.35946655,-0.05608814
614,1,MS,70.34086653,70.34086653,-0.05614336
615,1,MS,70.32222469,70.32222469,-0.05619875
616,1,MS,70.30356355,70.30356355,-0.05625426
617,1,MS,70.28488500,70.28488500,-0.05630988
618,1,MS,70.26618445,70.26618445,-0.05636562
619,1,MS,70.24666505,70.24666505,-0.05642386
620,1,MS,70.19222457,70.19222457,-0.05658660
621,1,MS,70.11965527,70.11965527,-0.05680427
622,1,MS,69.98480307,69.98480307,-0.05721097
623,1,MS,69.80823934,69.80823934,-0.05774788
624,1,MS,69.61237569,69.61237569,-0.05834938
625,1,MS,69.38095098,69.38095098,-0.05906817
626,1,MS,69.10197045,69.10197045,-0.05994644
627,1,MS,68.87481284,68.87481284,-0.06067120
628,1,MS,68.68062025,68.68062025,-0.06129773
629,1,MS,68.53262196,68.53262196,-0.06177956
630,1,MS,68.45604304,68.45604304,-0.06203036
631,1,MS,68.41033474,68.41033474,-0.06218054
632,1,MS,68.38237428,68.38237428,-0.06227259
633,1,MS,68.36321315,68.36321315,-0.06233575
634,1,MS,68.34402305,68.34402305,-0.06239906
635,1,MS,68.32480847,68.32480847,-0.06246253
636,1,MS,68.30556107,68.30556107,-0.06252616
637,1,MS,68.28628748,68.28628748,-0.06258995
638,1,MS,68.26698889,68.26698889,-0.06265389
639,1,MS,68.24767058,68.24767058,-0.06271795
640,1,MS,68.22832886,68.22832886,-0.06278216
641,1,MS,68.20896265,68.20896265,-0.06284652
642,1,MS,68.18957019,68.18957019,-0.06291103
643,1,MS,68.16932992,68.16932992,-0.06297843
644,1,MS,68.11332984,68.11332984,-0.06316529
645,1,MS,68.03888764,68.03888764,-0.06341455
646,1,MS,67.90111157,67.90111157,-0.06387846
647,1,MS,67.72102937,67.72102937,-0.06448995
648,1,MS,67.52156216,67.52156216,-0.06517410
649,1,MS,67.28623324,67.28623324,-0.06599058
650,1,MS,67.00245429,67.00245429,-0.06698879
651,1,MS,66.77116968,66.77116968,-0.06781350
652,1,MS,66.57369574,66.57369574,-0.06852567
653,1,MS,66.42304018,66.42304018,-0.06907403
654,1,MS,66.34492670,66.34492670,-0.06936007
655,1,MS,66.29821170,66.29821170,-0.06953170
656,1,MS,66.26958026,66.26958026,-0.06963710
657,1,MS,66.25002603,66.25002603,-0.06970918
658,1,MS,66.23048522,66.23048522,-0.06978128
659,1,MS,66.21096720,66.21096720,-0.06985338
660,1,MS,66.19147447,66.19147447,-0.06992545
661,1,MS,66.17200963,66.17200963,-0.06999750
662,1,MS,66.15257024,66.15257024,-0.07006952
663,1,MS,66.13316145,66.13316145,-0.07014150
664,1,MS,66.11378072,66.11378072,-0.07021346
665,1,MS,66.09444330,66.09444330,-0.07028533
666,1,MS,66.07515730,66.07515730,-0.07035708
667,1,MS,66.05506931,66.05506931,-0.07043189
668,1,MS,65.99917209,65.99917209,-0.07064048
669,1,MS,65.92485846,65.92485846,-0.07091875
670,1,MS,65.78726604,65.78726604,-0.07143687
671,1,MS,65.60763776,65.60763776,-0.07211898
672,1,MS,65.40873808,65.40873808,-0.07288187
673,1,MS,65.17402796,65.17402796,-0.07379250
674,1,MS,64.89152312,64.89152312,-0.07490367
675,1,MS,64.66229586,64.66229586,-0.07581757
676,1,MS,64.46604286,64.46604286,-0.07660886
677,1,MS,64.31648821,64.31648821,-0.07721740
678,1,MS,64.23933069,64.23933069,-0.07753324
679,1,MS,64.19353114,64.19353114,-0.07772133
680,1,MS,64.16581380,64.16581380,-0.07783539
681,1,MS,64.14692086,64.14692086,-0.07791322
682,1,MS,64.12805586,64.12805586,-0.07799102
683,1,MS,64.10922384,64.10922384,-0.07806876
684,1,MS,64.09042364,64.09042364,-0.07814645
685,1,MS,64.07165958,64.07165958,-0.07822406
686,1,MS,64.05292760,64.05292760,-0.07830162
687,1,MS,64.03421708,64.03421708,-0.07837917
688,1,MS,64.01555354,64.01555354,-0.07845660
689,1,MS,63.99689108,63.99689108,-0.07853410
690,1,MS,63.97825039,63.97825039,-0.07861159
691,1,MS,63.95878051,63.95878051,-0.07869260
692,1,MS,63.90317988,63.90317988,-0.07892442
693,1,MS,63.82812835,63.82812835,-0.07923841
694,1,MS,63.68766618,63.68766618,-0.07982943
695,1,MS,63.50367042,63.50367042,-0.08061030
696,1,MS,63.29970534,63.29970534,-0.08148485
697,1,MS,63.05734745,63.05734745,-0.08253636
698,1,MS,62.76526534,62.76526534,-0.08382166
699,1,MS,62.52799160,62.52799160,-0.08488049
700,1,MS,62.32561063,62.32561063,-0.08579417
701,1,MS,62.17192857,62.17192857,-0.08649456
702,1,MS,62.09309331,62.09309331,-0.08685606
703,1,MS,62.04681281,62.04681281,-0.08706899
704,1,MS,62.01926018,62.01926018,-0.08719600
705,1,MS,62.00044131,62.00044131,-0.08728285
706,1,MS,61.98161394,61.98161394,-0.08736983
707,1,MS,61.96279340,61.96279340,-0.08745687
708,1,MS,61.94396240,61.94396240,-0.08754404
709,1,MS,61.92511005,61.92511005,-0.08763140
710,1,MS,61.90625162,61.90625162,-0.08771887
711,1,MS,61.88739028,61.88739028,-0.08780645
712,1,MS,61.86852345,61.86852345,-0.08789413
713,1,MS,61.84965721,61.84965721,-0.08798190
714,1,MS,61.83078610,61.83078610,-0.08806979
715,1,MS,61.81105638,61.81105638,-0.08816176
716,1,MS,61.75440238,61.75440238,-0.08842640
717,1,MS,61.67850292,61.67850292,-0.08878218
718,1,MS,61.53674223,61.53674223,-0.08945053
719,1,MS,61.35121675,61.35121675,-0.09033282
720,1,MS,61.14579089,61.14579089,-0.09131991
721,1,MS,60.90272327,60.90272327,-0.09250181
722,1,MS,60.60954729,60.60954729,-0.09394772
723,1,MS,60.37199681,60.37199681,-0.09513586
724,1,MS,60.16893077,60.16893077,-0.09616342
725,1,MS,60.01448482,60.01448482,-0.09695238
726,1,MS,59.93531172,59.93531172,-0.09735933
727,1,MS,59.88864499,59.88864499,-0.09759999
728,1,MS,59.86085185,59.86085185,-0.09774361
729,1,MS,59.84191056,59.84191056,-0.09784160
730,1,MS,59.82298121,59.82298121,-0.09793964
731,1,MS,59.80406538,59.80406538,-0.09803770
732,1,MS,59.78516099,59.78516099,-0.09813580
733,1,MS,59.76627125,59.76627125,-0.09823392
734,1,MS,59.74739354,59.74739354,-0.09833207
735,1,MS,59.72853173,59.72853173,-0.09843025
736,1,MS,59.70968165,59.70968165,-0.09852846
737,1,MS,59.69084408,59.69084408,-0.09862670
738,1,MS,59.67202165,59.67202165,-0.09872496
739,1,MS,59.65236907,59.65236907,-0.09882766
740,1,MS,59.59623375,59.59623375,-0.09912159
741,1,MS,59.52105634,59.52105634,-0.09951660
742,1,MS,59.38098315,59.38098315,-0.10025681
743,1,MS,59.19797142,59.19797142,-0.10123223
744,1,MS,58.99538198,58.99538198,-0.10232306
745,1,MS,58.75554096,58.75554096,-0.10362967
746,1,MS,58.46649029,58.46649029,-0.10522656
747,1,MS,58.23258591,58.23258591,-0.10653679
748,1,MS,58.03270451,58.03270451,-0.10766935
749,1,MS,57.88027296,57.88027296,-0.10854114
750,1,MS,57.80205559,57.80205559,-0.10899122
751,1,MS,57.75595660,57.75595660,-0.10925735
752,1,MS,57.72851871,57.72851871,-0.10941607
753,1,MS,57.70981873,57.70981873,-0.10952437
754,1,MS,57.69113326,57.69113326,-0.10963269
755,1,MS,57.67246252,57.67246252,-0.10974103
756,1,MS,57.65380124,57.65380124,-0.10984943
757,1,MS,57.63515221,57.63515221,-0.10995786
758,1,MS,57.61651710,57.61651710,-0.11006632
759,1,MS,57.59789215,57.59789215,-0.11017483
760,1,MS,57.57927722,57.57927722,-0.11028338
761,1,MS,57.56065890,57.56065890,-0.11039207
762,1,MS,57.54011663,57.54011663,-0.11051210
763,1,MS,57.51606699,57.51606699,-0.11065280
764,1,MS,57.45079243,57.45079243,-0.11103558
765,1,MS,57.36600097,57.36600097,-0.11153479
766,1,MS,57.21578124,57.21578124,-0.11242472
767,1,MS,57.02296382,57.02296382,-0.11357742
768,1,MS,56.81095933,56.81095933,-0.11485847
769,1,MS,56.56209216,56.56209216,-0.11638072
770,1,MS,56.26434945,56.26434945,-0.11822846
771,1,MS,56.02288183,56.02288183,-0.11974848
772,1,MS,55.81342546,55.81342546,-0.12108281
773,1,MS,55.65101623,55.65101623,-0.12212766
774,1,MS,55.56305539,55.56305539,-0.12269731
775,1,MS,55.50863345,55.50863345,-0.12305108
776,1,MS,55.47441455,55.47441455,-0.12327405
777,1,MS,55.45113704,55.45113704,-0.12342595
778,1,MS,55.42784961,55.42784961,-0.12357810
779,1,MS,55.40456037,55.40456037,-0.12373046
780,1,MS,55.38127222,55.38127222,-0.12388300
781,1,MS,55.35798584,55.35798584,-0.12403571
782,1,MS,55.33469612,55.33469612,-0.12418863
783,1,MS,55.31140328,55.31140328,-0.12434176
784,1,MS,55.28810769,55.28810769,-0.12449510
785,1,MS,55.26480540,55.26480540,-0.12464867
786,1,MS,55.24150482,55.24150482,-0.12480242
787,1,MS,55.21727718,55.21727718,-0.12496249
788,1,MS,55.15203433,55.15203433,-0.12539456
789,1,MS,55.06677791,55.06677791,-0.12596142
790,1,MS,54.91579226,54.91579226,-0.12697161
791,1,MS,54.72192067,54.72192067,-0.12828061
792,1,MS,54.50912443,54.50912443,-0.12973294
793,1,MS,54.25881006,54.25881006,-0.13146239
794,1,MS,53.96030532,53.96030532,-0.13355495
795,1,MS,53.71767793,53.71767793,-0.13528032
796,1,MS,53.50791787,53.50791787,-0.13678992
797,1,MS,53.34535442,53.34535442,-0.13797143
798,1,MS,53.25716651,53.25716651,-0.13861665
799,1,MS,53.20258127,53.20258127,-0.13901752
800,1,MS,53.16829226,53.16829226,-0.13926994
801,1,MS,53.14501691,53.14501691,-0.13944153
802,1,MS,53.12174744,53.12174744,-0.13961330
803,1,MS,53.09847275,53.09847275,-0.13978532
804,1,MS,53.07520056,53.07520056,-0.13995753
805,1,MS,53.05192399,53.05192399,-0.14012998
806,1,MS,53.02864531,53.02864531,-0.14030266
807,1,MS,53.00536792,53.00536792,-0.14047555
808,1,MS,52.98208846,52.98208846,-0.14064866
809,1,MS,52.95881058,52.95881058,-0.14082198
810,1,MS,52.93553093,52.93553093,-0.14099552
811,1,MS,52.91129840,52.91129840,-0.14117640
812,1,MS,52.84524283,52.84524283,-0.14167062
813,1,MS,52.75833823,52.75833823,-0.14232347
814,1,MS,52.60287344,52.60287344,-0.14349888
815,1,MS,52.40263923,52.40263923,-0.14502708
816,1,MS,52.18242559,52.18242559,-0.14672657
817,1,MS,51.92137642,51.92137642,-0.14876702
818,1,MS,51.60965299,51.60965299,-0.15124076
819,1,MS,51.35804229,51.35804229,-0.15326743
820,1,MS,51.14117740,51.14117740,-0.15503601
821,1,MS,50.97356274,50.97356274,-0.15641692
822,1,MS,50.88360631,50.88360631,-0.15716310
823,1,MS,50.82837467,50.82837467,-0.15762300
824,1,MS,50.79407324,50.79407324,-0.15790930
825,1,MS,50.77075493,50.77075493,-0.15810422
826,1,MS,50.74742243,50.74742243,-0.15829950
827,1,MS,50.72409093,50.72409093,-0.15849502
828,1,MS,50.70076469,50.70076469,-0.15869073
829,1,MS,50.67743199,50.67743199,-0.15888674
830,1,MS,50.65410199,50.65410199,-0.15908297
831,1,MS,50.63077523,50.63077523,-0.15927941
832,1,MS,50.60744853,50.60744853,-0.15947610
833,1,MS,50.58412087,50.58412087,-0.15967304
834,1,MS,50.56078618,50.56078618,-0.15987028
835,1,MS,50.53648638,50.53648638,-0.16007593
836,1,MS,50.46986199,50.46986199,-0.16064115
837,1,MS,50.38246194,50.38246194,-0.16138565
838,1,MS,50.22578929,50.22578929,-0.16272889
839,1,MS,50.02427219,50.02427219,-0.16447305
840,1,MS,49.80300885,49.80300885,-0.16640965
841,1,MS,49.54138030,49.54138030,-0.16872899
842,1,MS,49.22973020,49.22973020,-0.17153400
843,1,MS,48.97912402,48.97912402,-0.17382337
844,1,MS,48.76196226,48.76196226,-0.17583192
845,1,MS,48.59377991,48.59377991,-0.17740338
846,1,MS,48.50395029,48.50395029,-0.17824847
847,1,MS,48.44855012,48.44855012,-0.17877167
848,1,MS,48.41422498,48.41422498,-0.17909661
849,1,MS,48.39086221,48.39086221,-0.17931811
850,1,MS,48.36752984,48.36752984,-0.17953959
851,1,MS,48.34419828,48.34419828,-0.17976134
852,1,MS,48.32087218,48.32087218,-0.17998331
853,1,MS,48.29755016,48.29755016,-0.18020552
854,1,MS,48.27422972,48.27422972,-0.18042799
855,1,MS,48.25091181,48.25091181,-0.18065071
856,1,MS,48.22759863,48.22759863,-0.18087365
857,1,MS,48.20429034,48.20429034,-0.18109683
858,1,MS,48.18098888,48.18098888,-0.18132021
859,1,MS,48.15673063,48.15673063,-0.18155306
860,1,MS,48.09021303,48.09021303,-0.18219309
861,1,MS,48.00291080,48.00291080,-0.18303652
862,1,MS,47.84631546,47.84631546,-0.18455921
863,1,MS,47.64471999,47.64471999,-0.18653812
864,1,MS,47.42364692,47.42364692,-0.18873263
865,1,MS,47.16298539,47.16298539,-0.19135331
866,1,MS,46.85190382,46.85190382,-0.19452858
867,1,MS,46.60226070,46.60226070,-0.19711481
868,1,MS,46.38611454,46.38611454,-0.19938177
869,1,MS,46.21892827,46.21892827,-0.20115311
870,1,MS,46.12926618,46.12926618,-0.20210955
871,1,MS,46.07423303,46.07423303,-0.20269885
872,1,MS,46.04009844,46.04009844,-0.20306523
873,1,MS,46.01689161,46.01689161,-0.20331469
874,1,MS,45.99369996,45.99369996,-0.20356430
875,1,MS,45.97052154,45.97052154,-0.20381407
876,1,MS,45.94735505,45.94735505,-0.20406402
877,1,MS,45.92419902,45.92419902,-0.20431416
878,1,MS,45.90105468,45.90105468,-0.20456449
879,1,MS,45.87792531,45.87792531,-0.20481496
880,1,MS,45.85480528,45.85480528,-0.20506563
881,1,MS,45.83170097,45.83170097,-0.20531644
882,1,MS,45.80860843,45.80860843,-0.20556743
883,1,MS,45.78457621,45.78457621,-0.20582895
884,1,MS,45.71864601,45.71864601,-0.20654814
885,1,MS,45.63213613,45.63213613,-0.20749563
886,1,MS,45.47684787,45.47684787,-0.20920732
887,1,MS,45.27731021,45.27731021,-0.21142750
888,1,MS,45.05865816,45.05865816,-0.21388742
889,1,MS,44.80102209,44.80102209,-0.21682268
890,1,MS,44.49392978,44.49392978,-0.22037408
891,1,MS,44.24776659,44.24776659,-0.22326281
892,1,MS,44.03424356,44.03424356,-0.22579915
893,1,MS,43.86930405,43.86930405,-0.22777810
894,1,MS,43.78085145,43.78085145,-0.22884650
895,1,MS,43.72651512,43.72651512,-0.22950530
896,1,MS,43.69281478,43.69281478,-0.22991484
897,1,MS,43.66991185,43.66991185,-0.23019359
898,1,MS,43.64702931,43.64702931,-0.23047243
899,1,MS,43.62416581,43.62416581,-0.23075138
900,1,MS,43.60131669,43.60131669,-0.23103048
901,1,MS,43.57848759,43.57848759,-0.23130968
902,1,MS,43.55567462,43.55567462,-0.23158902
903,1,MS,43.53287951,43.53287951,-0.23186847
904,1,MS,43.51009932,43.51009932,-0.23214808
905,1,MS,43.48733632,43.48733632,-0.23242782
906,1,MS,43.46459126,43.46459126,-0.23270767
907,1,MS,43.44092271,43.44092271,-0.23299924
908,1,MS,43.37591015,43.37591015,-0.23380201
909,1,MS,43.29065351,43.29065351,-0.23485895
910,1,MS,43.13746465,43.13746465,-0.23677007
911,1,MS,42.94035034,42.94035034,-0.23925208
912,1,MS,42.72463675,42.72463675,-0.24199811
913,1,MS,42.46642993,42.46642993,-0.24532656
914,1,MS,42.15862121,42.15862121,-0.24935427
915,1,MS,41.91366273,41.91366273,-0.25260678
916,1,MS,41.70150960,41.70150960,-0.25545797
917,1,MS,41.53804935,41.53804935,-0.25767670
918,1,MS,41.45077899,41.45077899,-0.25886914
919,1,MS,41.39726847,41.39726847,-0.25960302
920,1,MS,41.36427496,41.36427496,-0.26005656
921,1,MS,41.34184807,41.34184807,-0.26036529
922,1,MS,41.31944023,41.31944023,-0.26067413
923,1,MS,41.29705391,41.29705391,-0.26098304
924,1,MS,41.27468847,41.27468847,-0.26129203
925,1,MS,41.25233949,41.25233949,-0.26160115
926,1,MS,41.23000914,41.23000914,-0.26191038
927,1,MS,41.20769770,41.20769770,-0.26221972
928,1,MS,41.18540667,41.18540667,-0.26252913
929,1,MS,41.16313384,41.16313384,-0.26283866
930,1,MS,41.14087926,41.14087926,-0.26314830
931,1,MS,41.11769932,41.11769932,-0.26347120
932,1,MS,41.05324804,41.05324804,-0.26437111
933,1,MS,40.96820328,40.96820328,-0.26556326
934,1,MS,40.81405543,40.81405543,-0.26773781
935,1,MS,40.61605921,40.61605921,-0.27055708
936,1,MS,40.40015657,40.40015657,-0.27366515
937,1,MS,40.14536277,40.14536277,-0.27737906
938,1,MS,39.84165058,39.84165058,-0.28187191
939,1,MS,39.60108942,39.60108942,-0.28548215
940,1,MS,39.39198300,39.39198300,-0.28865787
941,1,MS,39.23078722,39.23078722,-0.29113007
942,1,MS,39.14500224,39.14500224,-0.29245434
943,1,MS,39.09243060,39.09243060,-0.29326886
944,1,MS,39.06006059,39.06006059,-0.29377152
945,1,MS,39.03805517,39.03805517,-0.29411373
946,1,MS,39.01606841,39.01606841,-0.29445604
947,1,MS,38.99410591,38.99410591,-0.29479837
948,1,MS,38.97216267,38.97216267,-0.29514080
949,1,MS,38.95023540,38.95023540,-0.29548338
950,1,MS,38.92832943,38.92832943,-0.29582602
951,1,MS,38.90644168,38.90644168,-0.29616877
952,1,MS,38.88457296,38.88457296,-0.29651162
953,1,MS,38.86271861,38.86271861,-0.29685464
954,1,MS,38.84088257,38.84088257,-0.29719778
955,1,MS,38.81814691,38.81814691,-0.29755546
956,1,MS,38.75505798,38.75505798,-0.29855027
957,1,MS,38.67214779,38.67214779,-0.29986268
958,1,MS,38.52189777,38.52189777,-0.30225576
959,1,MS,38.32953803,38.32953803,-0.30534743
960,1,MS,38.12017146,38.12017146,-0.30874838
961,1,MS,37.87324138,37.87324138,-0.31280824
962,1,MS,37.57967819,37.57967819,-0.31770433
963,1,MS,37.34765164,37.34765164,-0.32162826
964,1,MS,37.14564318,37.14564318,-0.32508398
965,1,MS,36.99006057,36.99006057,-0.32777079
966,1,MS,36.90718442,36.90718442,-0.32921106
967,1,MS,36.85597339,36.85597339,-0.33010420
968,1,MS,36.82422467,36.82422467,-0.33065913
969,1,MS,36.80262817,36.80262817,-0.33103714
970,1,MS,36.78105113,36.78105113,-0.33141524
971,1,MS,36.75949581,36.75949581,-0.33179339
972,1,MS,36.73795396,36.73795396,-0.33217174
973,1,MS,36.71643231,36.71643231,-0.33255016
974,1,MS,36.69491523,36.69491523,-0.33292893
975,1,MS,36.67339961,36.67339961,-0.33330811
976,1,MS,36.65188013,36.65188013,-0.33368779
977,1,MS,36.63036248,36.63036248,-0.33406787
978,1,MS,36.60884814,36.60884814,-0.33444833
979,1,MS,36.58643295,36.58643295,-0.33484517
980,1,MS,36.52434516,36.52434516,-0.33594685
981,1,MS,36.44287919,36.44287919,-0.33739788
982,1,MS,36.29238264,36.29238264,-0.34009494
983,1,MS,36.10153027,36.10153027,-0.34354626
984,1,MS,35.89374784,35.89374784,-0.34734356
985,1,MS,35.65117616,35.65117616,-0.35182979
986,1,MS,35.36336738,35.36336738,-0.35722787
987,1,MS,35.13693743,35.13693743,-0.36153289
988,1,MS,34.93914714,34.93914714,-0.36533583
989,1,MS,34.78654292,34.78654292,-0.36829729
990,1,MS,34.70455622,34.70455622,-0.36989823
991,1,MS,34.65337448,34.65337448,-0.37090118
992,1,MS,34.62100399,34.62100399,-0.37153691
993,1,MS,34.59896912,34.59896912,-0.37197027
994,1,MS,34.57692949,34.57692949,-0.37240424
995,1,MS,34.55489488,34.55489488,-0.37283862
996,1,MS,34.53286558,34.53286558,-0.37327340
997,1,MS,34.51083577,34.51083577,-0.37370869
998,1,MS,34.48880641,34.48880641,-0.37414448
999,1,MS,34.46677867,34.46677867,-0.37458075
1000,1,MS,34.44475445,34.44475445,-0.37501746
1001,1,MS,34.42272466,34.42272466,-0.37545479
1002,1,MS,34.40069332,34.40069332,-0.37589266
1003,1,MS,34.37778307,34.37778307,-0.37634854
1004,1,MS,34.31553064,34.31553064,-0.37759006
1005,1,MS,34.23436574,34.23436574,-0.37921491
1006,1,MS,34.08799697,34.08799697,-0.38216278
1007,1,MS,33.90240305,33.90240305,-0.38593362
1008,1,MS,33.70119899,33.70119899,-0.39006367
1009,1,MS,33.46433912,33.46433912,-0.39498229
1010,1,MS,33.18363457,33.18363457,-0.40089175
1011,1,MS,32.96357510,32.96357510,-0.40558626
1012,1,MS,32.77096367,32.77096367,-0.40974031
1013,1,MS,32.62262225,32.62262225,-0.41296857
1014,1,MS,32.54291155,32.54291155,-0.41471376
1015,1,MS,32.49258531,32.49258531,-0.41581940
1016,1,MS,32.46018718,32.46018718,-0.41653273
1017,1,MS,32.43815632,32.43815632,-0.41701849
1018,1,MS,32.41611889,32.41611889,-0.41750497
1019,1,MS,32.39408816,32.39408816,-0.41799186
1020,1,MS,32.37205978,32.37205978,-0.41847928
1021,1,MS,32.35003077,32.35003077,-0.41896727
1022,1,MS,32.32803773,32.32803773,-0.41945503
1023,1,MS,32.30609957,32.30609957,-0.41994215
1024,1,MS,32.28417271,32.28417271,-0.42042957
1025,1,MS,32.26225144,32.26225144,-0.42091744
1026,1,MS,32.24032947,32.24032947,-0.42140589
1027,1,MS,32.21755619,32.21755619,-0.42191391
1028,1,MS,32.15645586,32.15645586,-0.42327995
1029,1,MS,32.07703212,32.07703212,-0.42506226
1030,1,MS,31.93316941,31.93316941,-0.42830974
1031,1,MS,31.75066592,31.75066592,-0.43246520
1032,1,MS,31.55296425,31.55296425,-0.43701223
1033,1,MS,31.32015777,31.32015777,-0.44242797
1034,1,MS,31.04440230,31.04440230,-0.44892973
1035,1,MS,30.82993834,30.82993834,-0.45405233
1036,1,MS,30.64228027,30.64228027,-0.45858259
1037,1,MS,30.49853664,30.49853664,-0.46208326
1038,1,MS,30.42142877,30.42142877,-0.46397211
1039,1,MS,30.37232283,30.37232283,-0.46517904
1040,1,MS,30.34011162,30.34011162,-0.46597243
1041,1,MS,30.31818591,30.31818591,-0.46651326
1042,1,MS,30.29625962,30.29625962,-0.46705473
1043,1,MS,30.27433783,30.27433783,-0.46759671
1044,1,MS,30.25241486,30.25241486,-0.46813936
1045,1,MS,30.23048852,30.23048852,-0.46868272
1046,1,MS,30.20856561,30.20856561,-0.46922662
1047,1,MS,30.18664492,30.18664492,-0.46977110
1048,1,MS,30.16472760,30.16472760,-0.47031612
1049,1,MS,30.14281615,30.14281615,-0.47086164
1050,1,MS,30.12090647,30.12090647,-0.47140774
1051,1,MS,30.09819011,30.09819011,-0.47197462
1052,1,MS,30.03824944,30.03824944,-0.47347368
1053,1,MS,29.96078987,29.96078987,-0.47541794
1054,1,MS,29.82040209,29.82040209,-0.47896208
1055,1,MS,29.64287936,29.64287936,-0.48348156
1056,1,MS,29.45092987,29.45092987,-0.48841632
1057,1,MS,29.22469967,29.22469967,-0.49429709
1058,1,MS,28.95728240,28.95728240,-0.50133989
1059,1,MS,28.74925114,28.74925114,-0.50688801
1060,1,MS,28.56808386,28.56808386,-0.51176966
1061,1,MS,28.42928546,28.42928546,-0.51554144
1062,1,MS,28.35478502,28.35478502,-0.51757741
1063,1,MS,28.30687181,28.30687181,-0.51889104
1064,1,MS,28.27482702,28.27482702,-0.51977147
1065,1,MS,28.25303681,28.25303681,-0.52037101
1066,1,MS,28.23124596,28.23124596,-0.52097125
1067,1,MS,28.20947158,28.20947158,-0.52157174
1068,1,MS,28.18771391,28.18771391,-0.52217245
1069,1,MS,28.16597096,28.16597096,-0.52277345
1070,1,MS,28.14424977,28.14424977,-0.52337454
1071,1,MS,28.12254134,28.12254134,-0.52397597
1072,1,MS,28.10084667,28.10084667,-0.52457770
1073,1,MS,28.07917474,28.07917474,-0.52517950
1074,1,MS,28.05751101,28.05751101,-0.52578176
1075,1,MS,28.03514622,28.03514622,-0.52640423
1076,1,MS,27.97774086,27.97774086,-0.52800535
1077,1,MS,27.90398579,27.90398579,-0.53006964
1078,1,MS,27.77084529,27.77084529,-0.53381648
1079,1,MS,27.60298843,27.60298843,-0.53857808
1080,1,MS,27.42199282,27.42199282,-0.54375999
1081,1,MS,27.20902507,27.20902507,-0.54992115
1082,1,MS,26.95665202,26.95665202,-0.55731274
1083,1,MS,26.76118031,26.76118031,-0.56310600
1084,1,MS,26.59124416,26.59124416,-0.56819136
1085,1,MS,26.46109736,26.46109736,-0.57211705
1086,1,MS,26.39100724,26.39100724,-0.57424245
1087,1,MS,26.34518677,26.34518677,-0.57563616
1088,1,MS,26.31377377,26.31377377,-0.57659360
1089,1,MS,26.29240860,26.29240860,-0.57724570
1090,1,MS,26.27105539,26.27105539,-0.57789817
1091,1,MS,26.24972457,26.24972457,-0.57855069
1092,1,MS,26.22841656,26.22841656,-0.57920326
1093,1,MS,26.20712454,26.20712454,-0.57985606
1094,1,MS,26.18585366,26.18585366,-0.58050896
1095,1,MS,26.16460112,26.16460112,-0.58116202
1096,1,MS,26.14338607,26.14338607,-0.58181467
1097,1,MS,26.12218236,26.12218236,-0.58246769
1098,1,MS,26.10101216,26.10101216,-0.58312042
1099,1,MS,26.07921284,26.07921284,-0.58379331
1100,1,MS,26.02501462,26.02501462,-0.58546964
1101,1,MS,25.95595517,25.95595517,-0.58761260
1102,1,MS,25.83176288,25.83176288,-0.59148611
1103,1,MS,25.67544581,25.67544581,-0.59639791
1104,1,MS,25.50687518,25.50687518,-0.60174045
1105,1,MS,25.30888516,25.30888516,-0.60807654
1106,1,MS,25.07370437,25.07370437,-0.61568956
1107,1,MS,24.89184256,24.89184256,-0.62164189
1108,1,MS,24.73399701,24.73399701,-0.62685479
1109,1,MS,24.61326273,24.61326273,-0.63087156
1110,1,MS,24.54815027,24.54815027,-0.63304850
1111,1,MS,24.50478691,24.50478691,-0.63450245
1112,1,MS,24.47418189,24.47418189,-0.63553063
1113,1,MS,24.45338637,24.45338637,-0.63623021
1114,1,MS,24.43259836,24.43259836,-0.63693031
1115,1,MS,24.41184993,24.41184993,-0.63762984
1116,1,MS,24.39111505,24.39111505,-0.63832968
1117,1,MS,24.37041395,24.37041395,-0.63902915
1118,1,MS,24.34973705,24.34973705,-0.63972857
1119,1,MS,24.32908479,24.32908479,-0.64042792
1120,1,MS,24.30846265,24.30846265,-0.64112701
1121,1,MS,24.28786510,24.28786510,-0.64182602
1122,1,MS,24.26729266,24.26729266,-0.64252495
1123,1,MS,24.24616654,24.24616654,-0.64324348
1124,1,MS,24.19544660,24.19544660,-0.64497182
1125,1,MS,24.13131220,24.13131220,-0.64716392
1126,1,MS,24.01667769,24.01667769,-0.65110069
1127,1,MS,23.87249865,23.87249865,-0.65608609
1128,1,MS,23.71675826,23.71675826,-0.66151415
1129,1,MS,23.53349455,23.53349455,-0.66795903
1130,1,MS,23.31624540,23.31624540,-0.67568047
1131,1,MS,23.14793988,23.14793988,-0.68172367
1132,1,MS,23.00212847,23.00212847,-0.68700287
1133,1,MS,22.89198341,22.89198341,-0.69101784
1134,1,MS,22.83129967,22.83129967,-0.69323987
1135,1,MS,22.79053206,22.79053206,-0.69473666
1136,1,MS,22.76099932,22.76099932,-0.69582297
1137,1,MS,22.74090759,22.74090759,-0.69656299
1138,1,MS,22.72081428,22.72081428,-0.69730384
1139,1,MS,22.70074478,22.70074478,-0.69804461
1140,1,MS,22.68070519,22.68070519,-0.69878506
1141,1,MS,22.66068679,22.66068679,-0.69952551
1142,1,MS,22.64070549,22.64070549,-0.70026537
1143,1,MS,22.62073870,22.62073870,-0.70100547
1144,1,MS,22.60079880,22.60079880,-0.70174536
1145,1,MS,22.58088964,22.58088964,-0.70248488
1146,1,MS,22.56100823,22.56100823,-0.70322416
1147,1,MS,22.54065631,22.54065631,-0.70398173
1148,1,MS,22.49352668,22.49352668,-0.70573921
1149,1,MS,22.43443768,22.43443768,-0.70794885
1150,1,MS,22.32941808,22.32941808,-0.71189316
1151,1,MS,22.19663098,22.19663098,-0.71691184
1152,1,MS,22.05297756,22.05297756,-0.72238106
1153,1,MS,21.88411064,21.88411064,-0.72886359
1154,1,MS,21.68232916,21.68232916,-0.73668599
1155,1,MS,21.52646580,21.52646580,-0.74278572
1156,1,MS,21.39177738,21.39177738,-0.74809743
1157,1,MS,21.28875669,21.28875669,-0.75218588
1158,1,MS,21.23209515,21.23209515,-0.75444405
1159,1,MS,21.19332720,21.19332720,-0.75599300
1160,1,MS,21.16462214,21.16462214,-0.75714194
1161,1,MS,21.14511440,21.14511440,-0.75792375
1162,1,MS,21.12562654,21.12562654,-0.75870557
1163,1,MS,21.10616110,21.10616110,-0.75948729
1164,1,MS,21.08671732,21.08671732,-0.76026895
1165,1,MS,21.06729463,21.06729463,-0.76105057
1166,1,MS,21.04789251,21.04789251,-0.76183215
1167,1,MS,21.02851903,21.02851903,-0.76261339
1168,1,MS,21.00914078,21.00914078,-0.76339562
1169,1,MS,20.98976073,20.98976073,-0.76417872
1170,1,MS,20.97037822,20.97037822,-0.76496273
1171,1,MS,20.95055752,20.95055752,-0.76576529
1172,1,MS,20.90584441,20.90584441,-0.76757887
1173,1,MS,20.85007949,20.85007949,-0.76984674
1174,1,MS,20.75172806,20.75172806,-0.77386286
1175,1,MS,20.62685945,20.62685945,-0.77899201
1176,1,MS,20.49130793,20.49130793,-0.78459845
1177,1,MS,20.33145399,20.33145399,-0.79126193
1178,1,MS,20.14138818,20.14138818,-0.79925846
1179,1,MS,19.99466804,19.99466804,-0.80548657
1180,1,MS,19.86738838,19.86738838,-0.81092874
1181,1,MS,19.93738635,19.93738635,-0.80793126
1182,1,MS,20.05014206,20.05014206,-0.80312607
1183,1,MS,20.17928831,20.17928831,-0.79765749
1184,1,MS,20.31750770,20.31750770,-0.79184595
1185,1,MS,20.46484830,20.46484830,-0.78569753
1186,1,MS,20.61216331,20.61216331,-0.77959790
1187,1,MS,20.75946650,20.75946650,-0.77354611
1188,1,MS,20.90678077,20.90678077,-0.76754085
1189,1,MS,21.05407998,21.05407998,-0.76158281
1190,1,MS,21.20138401,21.20138401,-0.75567083
1191,1,MS,21.34868671,21.34868671,-0.74980480
1192,1,MS,21.49598849,21.49598849,-0.74398434
1193,1,MS,21.64328928,21.64328928,-0.73820910
1194,1,MS,21.79058927,21.79058927,-0.73247872
1195,1,MS,21.93742145,21.93742145,-0.72681082
1196,1,MS,22.05834538,22.05834538,-0.72217595
1197,1,MS,22.16724607,22.16724607,-0.71802721
1198,1,MS,22.22988899,22.22988899,-0.71565155
1199,1,MS,22.26376850,22.26376850,-0.71436998
1200,1,MS,22.28543349,22.28543349,-0.71355165
1201,1,MS,22.27991847,22.27991847,-0.71375988
1202,1,MS,22.23972462,22.23972462,-0.71527926
1203,1,MS,22.24605454,22.24605454,-0.71503976
1204,1,MS,22.27277675,22.27277675,-0.71402961
1205,1,MS,22.33264104,22.33264104,-0.71177179
1206,1,MS,22.44111480,22.44111480,-0.70769881
1207,1,MS,22.56856493,22.56856493,-0.70294308
1208,1,MS,22.70679361,22.70679361,-0.69782126
1209,1,MS,22.85408468,22.85408468,-0.69240473
1210,1,MS,23.00137391,23.00137391,-0.68703030
1211,1,MS,23.14867022,23.14867022,-0.68169733
1212,1,MS,23.29596671,23.29596671,-0.67640575
1213,1,MS,23.44324982,23.44324982,-0.67115572
1214,1,MS,23.59053247,23.59053247,-0.66594646
1215,1,MS,23.73781467,23.73781467,-0.66077765
1216,1,MS,23.88509631,23.88509631,-0.65564897
1217,1,MS,24.03237915,24.03237915,-0.65056006
1218,1,MS,24.17966417,24.17966417,-0.64551057
1219,1,MS,24.32639441,24.32639441,-0.64051908
1220,1,MS,24.44426723,24.44426723,-0.63653723
1221,1,MS,24.54834100,24.54834100,-0.63304211
1222,1,MS,24.60003911,24.60003911,-0.63131307
1223,1,MS,24.62032027,24.62032027,-0.63063605
1224,1,MS,24.62772916,24.62772916,-0.63038892
1225,1,MS,24.60511636,24.60511636,-0.63114351
1226,1,MS,24.54548868,24.54548868,-0.63313764
1227,1,MS,24.53752447,24.53752447,-0.63340447
1228,1,MS,24.55192631,24.55192631,-0.63292205
1229,1,MS,24.60183804,24.60183804,-0.63125299
1230,1,MS,24.70641586,24.70641586,-0.62777014
1231,1,MS,24.83216855,24.83216855,-0.62360752
1232,1,MS,24.97040830,24.97040830,-0.61906341
1233,1,MS,25.11769165,25.11769165,-0.61425844
1234,1,MS,25.26496489,25.26496489,-0.60949110
1235,1,MS,25.41224924,25.41224924,-0.60476040
1236,1,MS,25.55952027,25.55952027,-0.60006684
1237,1,MS,25.70679072,25.70679072,-0.59540973
1238,1,MS,25.85406146,25.85406146,-0.59078875
1239,1,MS,26.00133231,26.00133231,-0.58620364
1240,1,MS,26.14860384,26.14860384,-0.58165408
1241,1,MS,26.29587592,26.29587592,-0.57713982
1242,1,MS,26.44314840,26.44314840,-0.57266058
1243,1,MS,26.58977739,26.58977739,-0.56823545
1244,1,MS,26.70480624,26.70480624,-0.56478794
1245,1,MS,26.80467365,26.80467365,-0.56181179
1246,1,MS,26.84661802,26.84661802,-0.56056648
1247,1,MS,26.85401211,26.85401211,-0.56034724
1248,1,MS,26.84821636,26.84821636,-0.56051908
1249,1,MS,26.80965743,26.80965743,-0.56166368
1250,1,MS,26.73176292,26.73176292,-0.56398305
1251,1,MS,26.71008148,26.71008148,-0.56463033
1252,1,MS,26.71205625,26.71205625,-0.56457135
1253,1,MS,26.75335756,26.75335756,-0.56333909
1254,1,MS,26.85393427,26.85393427,-0.56034955
1255,1,MS,26.97818480,26.97818480,-0.55667823
1256,1,MS,27.11651696,27.11651696,-0.55261911
1257,1,MS,27.26386926,27.26386926,-0.54832786
1258,1,MS,27.41120779,27.41120779,-0.54407034
1259,1,MS,27.55854510,27.55854510,-0.53984590
1260,1,MS,27.70588694,27.70588694,-0.53565414
1261,1,MS,27.85322987,27.85322987,-0.53149490
1262,1,MS,28.00057627,28.00057627,-0.52736785
1263,1,MS,28.14791766,28.14791766,-0.52327299
1264,1,MS,28.29526319,28.29526319,-0.51920981
1265,1,MS,28.44261138,28.44261138,-0.51517811
1266,1,MS,28.58996801,28.58996801,-0.51117749
1267,1,MS,28.73661521,28.73661521,-0.50722697
1268,1,MS,28.84965707,28.84965707,-0.50420260
1269,1,MS,28.94577077,28.94577077,-0.50164531
1270,1,MS,28.97978316,28.97978316,-0.50074346
1271,1,MS,28.97694413,28.97694413,-0.50081867
1272,1,MS,28.95914198,28.95914198,-0.50129057
1273,1,MS,28.90701382,28.90701382,-0.50267495
1274,1,MS,28.81325399,28.81325399,-0.50517457
1275,1,MS,28.77984743,28.77984743,-0.50606818
1276,1,MS,28.77083871,28.77083871,-0.50630943
1277,1,MS,28.80353062,28.80353062,-0.50543450
1278,1,MS,28.90091696,28.90091696,-0.50283711
1279,1,MS,29.02395853,29.02395853,-0.49957455
1280,1,MS,29.16247546,29.16247546,-0.49592697
1281,1,MS,29.30998404,29.30998404,-0.49207189
1282,1,MS,29.45750011,29.45750011,-0.48824658
1283,1,MS,29.60503985,29.60503985,-0.48445040
1284,1,MS,29.75258858,29.75258858,-0.48068351
1285,1,MS,29.90015185,29.90015185,-0.47694554
1286,1,MS,30.04772764,30.04772764,-0.47323632
1287,1,MS,30.19532607,30.19532607,-0.46955539
1288,1,MS,30.34293865,30.34293865,-0.46590275
1289,1,MS,30.49056551,30.49056551,-0.46227816
1290,1,MS,30.63821271,30.63821271,-0.45868129
1291,1,MS,30.78510118,30.78510118,-0.45513066
1292,1,MS,30.89688973,30.89688973,-0.45244691
1293,1,MS,30.99106175,30.99106175,-0.45019837
1294,1,MS,31.02056889,31.02056889,-0.44949614
1295,1,MS,31.01162463,31.01162463,-0.44970888
1296,1,MS,30.98787123,30.98787123,-0.45027437
1297,1,MS,30.92811082,30.92811082,-0.45170021
1298,1,MS,30.82551549,30.82551549,-0.45415859
1299,1,MS,30.78468106,30.78468106,-0.45514078
1300,1,MS,30.76985621,30.76985621,-0.45549789
1301,1,MS,30.79888708,30.79888708,-0.45479884
1302,1,MS,30.89448138,30.89448138,-0.45250456
1303,1,MS,31.01715925,31.01715925,-0.44957723
1304,1,MS,31.15630293,31.15630293,-0.44627989
1305,1,MS,31.30425112,31.30425112,-0.44280044
1306,1,MS,31.45220934,31.45220934,-0.43934789
1307,1,MS,31.60018265,31.60018265,-0.43592190
1308,1,MS,31.74817950,31.74817950,-0.43252210
1309,1,MS,31.89619946,31.89619946,-0.42914828
1310,1,MS,32.04424646,32.04424646,-0.42580017
1311,1,MS,32.19231550,32.19231550,-0.42247769
1312,1,MS,32.34040537,32.34040537,-0.41918067
1313,1,MS,32.48852079,32.48852079,-0.41590882
1314,1,MS,32.63665693,32.63665693,-0.41266206
1315,1,MS,32.78401442,32.78401442,-0.40945751
1316,1,MS,32.89568243,32.89568243,-0.40704567
1317,1,MS,32.98925886,32.98925886,-0.40503553
1318,1,MS,33.01702469,33.01702469,-0.40444099
1319,1,MS,33.00560890,33.00560890,-0.40468533
1320,1,MS,32.97838125,32.97838125,-0.40526868
1321,1,MS,32.91522583,32.91522583,-0.40662503
1322,1,MS,32.80871455,32.80871455,-0.40892280
1323,1,MS,32.76569151,32.76569151,-0.40985461
1324,1,MS,32.74761238,32.74761238,-0.41024681
1325,1,MS,32.77398057,32.77398057,-0.40967492
1326,1,MS,32.86890877,32.86890877,-0.40762264
1327,1,MS,32.99192564,32.99192564,-0.40497839
1328,1,MS,33.13193248,33.13193248,-0.40198980
1329,1,MS,33.28045237,33.28045237,-0.39884360
1330,1,MS,33.42899386,33.42899386,-0.39572157
1331,1,MS,33.57756536,33.57756536,-0.39262335
1332,1,MS,33.72616359,33.72616359,-0.38954884
1333,1,MS,33.87478697,33.87478697,-0.38649789
1334,1,MS,34.02344339,34.02344339,-0.38347016
1335,1,MS,34.17212681,34.17212681,-0.38046561
1336,1,MS,34.32083780,34.32083780,-0.37748406
1337,1,MS,34.46957491,34.46957491,-0.37452534
1338,1,MS,34.61833950,34.61833950,-0.37158928
1339,1,MS,34.76631683,34.76631683,-0.36869159
1340,1,MS,34.87857634,34.87857634,-0.36650841
1341,1,MS,34.97251203,34.97251203,-0.36469153
1342,1,MS,35.00037770,35.00037770,-0.36415429
1343,1,MS,34.98842389,34.98842389,-0.36438465
1344,1,MS,34.96045781,34.96045781,-0.36492417
1345,1,MS,34.89581314,34.89581314,-0.36617435
1346,1,MS,34.78706836,34.78706836,-0.36828705
1347,1,MS,34.74170823,34.74170823,-0.36917191
1348,1,MS,34.72243218,34.72243218,-0.36954858
1349,1,MS,34.74838872,34.74838872,-0.36904145
1350,1,MS,34.84367006,34.84367006,-0.36718587
1351,1,MS,34.96731664,34.96731664,-0.36479178
1352,1,MS,35.10828122,35.10828122,-0.36208141
1353,1,MS,35.25745170,35.25745170,-0.35923518
1354,1,MS,35.40665012,35.40665012,-0.35641081
1355,1,MS,35.55589100,35.55589100,-0.35360784
1356,1,MS,35.70518244,35.70518244,-0.35082599
1357,1,MS,35.85450522,35.85450522,-0.34806543
1358,1,MS,36.00384981,36.00384981,-0.34532621
1359,1,MS,36.15322537,36.15322537,-0.34260798
1360,1,MS,36.30262809,36.30262809,-0.33991065
1361,1,MS,36.45205879,36.45205879,-0.33723407
1362,1,MS,36.60151672,36.60151672,-0.33457807
1363,1,MS,36.75018733,36.75018733,-0.33195683
1364,1,MS,36.86380319,36.86380319,-0.32996749
1365,1,MS,36.95917243,36.95917243,-0.32830685
1366,1,MS,36.98928212,36.98928212,-0.32778429
1367,1,MS,36.97930801,36.97930801,-0.32795730
1368,1,MS,36.95287810,36.95287810,-0.32841619
1369,1,MS,36.89109881,36.89109881,-0.32949134
1370,1,MS,36.78535587,36.78535587,-0.33133977
1371,1,MS,36.74162251,36.74162251,-0.33210728
1372,1,MS,36.72427616,36.72427616,-0.33241219
1373,1,MS,36.75155211,36.75155211,-0.33193286
1374,1,MS,36.84772783,36.84772783,-0.33024823
1375,1,MS,36.97274731,36.97274731,-0.32807115
1376,1,MS,37.11470658,37.11470658,-0.32561647
1377,1,MS,37.26456673,37.26456673,-0.32304510
1378,1,MS,37.41445654,37.41445654,-0.32049354
1379,1,MS,37.56437237,37.56437237,-0.31796169
1380,1,MS,37.71431480,37.71431480,-0.31544940
1381,1,MS,37.86428569,37.86428569,-0.31295648
1382,1,MS,38.01428257,38.01428257,-0.31048284
1383,1,MS,38.16430405,38.16430405,-0.30802836
1384,1,MS,38.31434848,38.31434848,-0.30559290
1385,1,MS,38.46442221,38.46442221,-0.30317623
1386,1,MS,38.61452193,38.61452193,-0.30077826
1387,1,MS,38.76384138,38.76384138,-0.29841157
1388,1,MS,38.87871124,38.87871124,-0.29660359
1389,1,MS,38.97539701,38.97539701,-0.29509030
1390,1,MS,39.00749260,39.00749260,-0.29458966
1391,1,MS,38.99927906,38.99927906,-0.29471770
1392,1,MS,38.97492227,38.97492227,-0.29509771
1393,1,MS,38.91434715,38.91434715,-0.29604493
1394,1,MS,38.80938944,38.80938944,-0.29769336
1395,1,MS,38.76600459,38.76600459,-0.29837742
1396,1,MS,38.74910728,38.74910728,-0.29864427
1397,1,MS,38.77669421,38.77669421,-0.29820873
1398,1,MS,38.87332161,38.87332161,-0.29668817
1399,1,MS,38.99875889,38.99875889,-0.29472581
1400,1,MS,39.14154032,39.14154032,-0.29250790
1401,1,MS,39.29193012,39.29193012,-0.29018986
1402,1,MS,39.44231973,39.44231973,-0.28789019
1403,1,MS,39.59270923,39.59270923,-0.28560874
1404,1,MS,39.74309845,39.74309845,-0.28334538
1405,1,MS,39.89348688,39.89348688,-0.28109997
1406,1,MS,40.04387320,40.04387320,-0.27887238
1407,1,MS,40.19426282,40.19426282,-0.27666240
1408,1,MS,40.34465186,40.34465186,-0.27446994
1409,1,MS,40.49504088,40.49504088,-0.27229485
1410,1,MS,40.64542892,40.64542892,-0.27013701
1411,1,MS,40.79499827,40.79499827,-0.26800788
1412,1,MS,40.90985025,40.90985025,-0.26638436
1413,1,MS,41.00619597,41.00619597,-0.26503002
1414,1,MS,41.03699254,41.03699254,-0.26459856
1415,1,MS,41.02634402,41.02634402,-0.26474767
1416,1,MS,40.99863129,40.99863129,-0.26513611
1417,1,MS,40.93412660,40.93412660,-0.26604245
1418,1,MS,40.82490148,40.82490148,-0.26758423
1419,1,MS,40.77639213,40.77639213,-0.26827183
1420,1,MS,40.75553988,40.75553988,-0.26856794
1421,1,MS,40.78033969,40.78033969,-0.26821581
1422,1,MS,40.87582552,40.87582552,-0.26686430
1423,1,MS,41.00088378,41.00088378,-0.26510451
1424,1,MS,41.14368107,41.14368107,-0.26310930
1425,1,MS,41.29407099,41.29407099,-0.26102423
1426,1,MS,41.44445880,41.44445880,-0.25895571
1427,1,MS,41.59484650,41.59484650,-0.25690359
1428,1,MS,41.74523401,41.74523401,-0.25486773
1429,1,MS,41.89562113,41.89562113,-0.25284801
1430,1,MS,42.04600701,42.04600701,-0.25084431
1431,1,MS,42.19639230,42.19639230,-0.24885650
1432,1,MS,42.34677589,42.34677589,-0.24688446
1433,1,MS,42.49715962,42.49715962,-0.24492805
1434,1,MS,42.64754300,42.64754300,-0.24298714
1435,1,MS,42.79709896,42.79709896,-0.24107217
1436,1,MS,42.91162609,42.91162609,-0.23961593
1437,1,MS,43.00734649,43.00734649,-0.23840558
1438,1,MS,43.03669917,43.03669917,-0.23803565
1439,1,MS,43.02381769,43.02381769,-0.23819792
1440,1,MS,42.99311357,42.99311357,-0.23858516
1441,1,MS,42.92544125,42.92544125,-0.23944087
1442,1,MS,42.81126530,42.81126530,-0.24089156
1443,1,MS,42.75839616,42.75839616,-0.24156628
1444,1,MS,42.73447719,42.73447719,-0.24187216
1445,1,MS,42.75679062,42.75679062,-0.24158680
1446,1,MS,42.85147150,42.85147150,-0.24037971
1447,1,MS,42.97627732,42.97627732,-0.23879777
1448,1,MS,43.11905013,43.11905013,-0.23700084
1449,1,MS,43.26943686,43.26943686,-0.23512272
1450,1,MS,43.41982052,43.41982052,-0.23325951
1451,1,MS,43.57020463,43.57020463,-0.23141106
1452,1,MS,43.72058842,43.72058842,-0.22957727
1453,1,MS,43.87097200,43.87097200,-0.22775801
1454,1,MS,44.02135507,44.02135507,-0.22595317
1455,1,MS,44.17185144,44.17185144,-0.22416129
1456,1,MS,44.32234752,44.32234752,-0.22238362
1457,1,MS,44.47284396,44.47284396,-0.22062005
1458,1,MS,44.62334023,44.62334023,-0.21887046
1459,1,MS,44.77299898,44.77299898,-0.21714437
1460,1,MS,44.88745552,44.88745552,-0.21583348
1461,1,MS,44.98286413,44.98286413,-0.21474680
1462,1,MS,45.01125695,45.01125695,-0.21442447
1463,1,MS,44.99639812,44.99639812,-0.21459309
1464,1,MS,44.96310699,44.96310699,-0.21497138
1465,1,MS,44.89215586,44.89215586,-0.21577982
1466,1,MS,44.77364238,44.77364238,-0.21713698
1467,1,MS,44.71669508,44.71669508,-0.21779215
1468,1,MS,44.68950568,44.68950568,-0.21810566
1469,1,MS,44.71137068,44.71137068,-0.21785351
1470,1,MS,44.80589332,44.80589332,-0.21676681
1471,1,MS,44.93087268,44.93087268,-0.21533829
1472,1,MS,45.07385829,45.07385829,-0.21371549
1473,1,MS,45.22438618,45.22438618,-0.21202031
1474,1,MS,45.37491210,45.37491210,-0.21033859
1475,1,MS,45.52543809,45.52543809,-0.20867021
1476,1,MS,45.67596392,45.67596392,-0.20701507
1477,1,MS,45.82648963,45.82648963,-0.20537305
1478,1,MS,45.97701524,45.97701524,-0.20374406
1479,1,MS,46.12754072,46.12754072,-0.20212800
1480,1,MS,46.27806622,46.27806622,-0.20052475
1481,1,MS,46.42859174,46.42859174,-0.19893422
1482,1,MS,46.57912101,46.57912101,-0.19735626
1483,1,MS,46.72882301,46.72882301,-0.19579939
1484,1,MS,46.84356531,46.84356531,-0.19461442
1485,1,MS,46.93938494,46.93938494,-0.19363036
1486,1,MS,46.96862052,46.96862052,-0.19333110
1487,1,MS,46.95456996,46.95456996,-0.19347487
1488,1,MS,46.92198910,46.92198910,-0.19380864
1489,1,MS,46.85207780,46.85207780,-0.19452679
1490,1,MS,46.73497693,46.73497693,-0.19573566
1491,1,MS,46.67876853,46.67876853,-0.19631858
1492,1,MS,46.65281663,46.65281663,-0.19658830
1493,1,MS,46.67388256,46.67388256,-0.19636933
1494,1,MS,46.76831212,46.76831212,-0.19539077
1495,1,MS,46.89348665,46.89348665,-0.19410111
1496,1,MS,47.03668300,47.03668300,-0.19263621
1497,1,MS,47.18736529,47.18736529,-0.19110666
1498,1,MS,47.33806089,47.33806089,-0.18958913
1499,1,MS,47.48877282,47.48877282,-0.18808348
